d1,d2,d3
-3.121174657452980838e+00,3.887791505611012610e+00,7.628534823961052425e+00
6.125103504223004869e+00,1.137991989494552136e+01,1.222394145193923443e+01
6.705811009942068246e+00,1.833186255340457294e+01,-9.479117819226981823e+00
-6.191714326952457270e+00,1.537672261460078538e+01,-8.299437867691494830e+00
6.151721939675490525e+00,1.693778410509044363e+01,-6.194386864318510710e-01
6.151354788106722538e+00,1.383445070092506413e+01,-6.208142941549202876e-01
2.737682623201834531e+00,1.453780785487490235e+01,-4.491184533966563031e+00
1.226397870202188400e+01,1.783310868287170337e+01,3.922219151363901979e+00
-6.011332596597068090e+00,5.243028186042904437e+00,-8.459425295238935050e+00
4.331298535330613930e+00,1.027792423650594955e+01,-1.052979841075118195e+01
9.459015873565430610e-01,4.645398278211646748e+00,-4.814349913828581684e+00
3.876325494629345947e+00,2.074102816792958848e+01,1.330021100022837643e+01
1.255753356383221231e+01,1.982524613341887942e+01,-1.054176882288814371e-01
6.101199505074857754e+00,8.279630387386238688e-01,2.801481596447874534e+00
6.360582514173915847e+00,1.481707862282945776e+01,9.149288794690616511e-01
6.360959813421903419e+00,1.943021466572898248e+01,1.011851645249558063e+00
2.052268727448700592e+00,3.792082247674004147e+00,7.296686257312454238e+00
-9.396398660042413198e+00,1.192684984160521822e+01,-2.233074835046021445e+00
-7.037741044741091301e+00,1.922525424934887894e+01,5.255271176194776572e+00
2.882116384798774522e+00,7.128655503017756745e-01,6.877690378014072792e+00
-5.175910796154510329e+00,1.464582561218363921e+01,-9.111459248960889212e+00
5.830519196610461918e+00,6.244329154823565986e+00,-1.526706050770195278e+00
2.825931963997682761e+00,1.941232010290713816e+01,6.910288735933453275e+00
-2.500886370858563801e+00,2.039222314847272344e+01,7.772848189802484598e+00
-8.249399763801360308e+00,1.982959627138211189e+01,3.625047687056391688e+00
1.088617952604227668e+01,9.958498549806739319e+00,-5.310716051867833798e+00
6.277758940968244161e+00,1.810289567077558104e+01,2.018449916015351064e+00
-9.473042731376912329e+00,1.773553736923647861e+01,-1.278549151569225995e+00
-6.631213794035640596e+00,6.701109938108368524e+00,-7.875898390620561074e+00
2.183335015255181144e+00,1.740722495716422458e+01,-4.664476224387260395e+00
-5.520018655466506274e+00,7.771603290253450425e-01,-8.859392954798812170e+00
6.315365063286431102e+00,1.252166744812311450e+01,2.297005755389581183e-01
3.064300566314445362e+00,4.830185583041764374e+00,-4.355555194015135356e+00
6.326886282762690605e+00,2.531904601322854997e+00,1.210128619906379299e+01
4.396429271364394431e+00,1.616017234213392273e+00,1.309494041041856072e+01
1.199237279240086806e+01,1.462206429344093550e+01,-2.871462759187466407e+00
2.027642724951141506e+00,7.137374239129388620e+00,7.307201698934176370e+00
4.483401076664929263e+00,1.522010220210399112e+01,-3.410129178042158316e+00
1.839396668336559459e+00,1.372483156777789759e+00,-1.100852020378942697e+01
-7.488176440105005049e+00,6.621097094442816910e+00,4.737058496732816870e+00
5.351583337316172972e+00,1.132931713988208244e+01,-2.393806410183933586e+00
-9.369632841152796487e+00,1.660518646161823497e+01,4.262047915993172897e-01
1.603920248173706486e+00,6.693802561573468424e+00,-4.774275144030062812e+00
1.001943080427115440e+01,1.314371890517719166e+01,8.719900177628456817e+00
4.621486839679432634e+00,1.860553271295993127e+01,5.457418885209877502e+00
-4.278513586041453043e-01,1.293312695182839533e+01,-1.094815742993208474e+01
1.548227100333024353e+00,4.892148969826308758e+00,7.491895740678713445e+00
-9.442468911861814362e+00,5.124164126872984282e-01,-1.807521748361695213e+00
-8.924402453458979423e+00,1.827207635191952662e+01,-4.203986448323434821e+00
6.360004084032527594e+00,4.466576278581299020e-01,1.101010639408440017e+00
3.916207927891016904e+00,1.836873512636818617e+01,1.328532686070557034e+01
1.025474885085895238e+01,1.110767981457145126e+01,-6.266473804345657150e+00
7.323552812908506127e+00,1.972042166877081826e+01,1.142050440348037377e+01
1.099920133051836579e+01,1.677444795124697308e+01,7.199531781130900754e+00
-6.246570609715445421e+00,2.095661632120008733e+01,-8.249264026960815954e+00
8.999531705039737872e+00,7.364948124485913183e+00,9.929309228607774429e+00
4.107893234826586415e+00,1.611095406755366355e+01,-3.726645940378860100e+00
6.310694167473351435e+00,8.440549185794084863e+00,1.789404571494076501e+00
2.124654297870594011e+00,1.007738802638208497e+01,-4.678838341612766349e+00
5.861532044459779600e-01,1.317761472758577135e+01,7.756438876647680836e+00
-4.173319330907010460e+00,1.834721939791311485e+01,7.261807547163064314e+00
4.009454308046451310e+00,2.066575285318519661e+01,6.064171136443006205e+00
1.251131022191789910e+01,1.613374169115488144e+01,-5.422618438198655300e-01
-1.767878998199715168e+00,8.773102425514009539e+00,7.878803421356959547e+00
3.488828636410078676e+00,8.848497047818474570e+00,6.480713886587404104e+00
-9.042216489703754689e+00,1.548922833336672156e+01,-3.848606152328860830e+00
5.863656147135161589e+00,5.014320061134348805e+00,-1.451207949591314161e+00
1.174825891370362640e+01,2.319956375759288036e+00,-3.550058326479664572e+00
3.499299235148653153e+00,7.447065310456307152e+00,-4.132464454107712903e+00
1.727500711324453375e+00,6.032018824735716045e+00,1.390669422020430446e+01
1.005757135291063342e+01,6.222470529575791609e+00,-6.528425038148744086e+00
6.287108048716742559e+00,4.905762772048108289e+00,1.958994716215051168e+00
2.478517291682244550e-01,8.839569823635995416e-01,-4.757982564037542161e+00
1.222247267791316538e+01,3.753526294016900078e-01,-2.078431263608342849e+00
4.206180666960996462e+00,2.074217018445666127e+01,-1.056807297426024839e+01
6.420751515059660797e+00,8.983235808453109428e+00,-9.640674836032461670e+00
9.989535929970262629e+00,8.070859590353315127e+00,-6.615443616626514256e+00
3.476488015594543679e+00,1.427259293655446726e+01,-4.145451064919749129e+00
-1.898586466260842709e+00,4.583331645166347279e+00,7.864935155753467022e+00
5.151829114815965838e+00,1.994918486295473059e+01,-2.673958563743993100e+00
1.234457954380122224e+01,1.651324530272659175e+01,3.557443795248039553e+00
-4.207763066491516213e+00,1.877631048557449667e+00,-9.714721528642616732e+00
1.797238984534881567e-01,8.769196291483495997e+00,7.828966768549187272e+00
2.994766172934636650e+00,1.846148445880545808e+01,-4.386624715649008799e+00
1.598210962516901201e+00,1.983937246811961685e+01,7.474368830114150875e+00
5.967930556758543892e-01,9.815431736247264283e+00,7.754237862882132681e+00
6.478231621805665696e+00,1.288163917342486187e+01,-9.608953852910133264e+00
-2.904584967386054650e+00,3.507712867933579837e+00,-1.032027546420572683e+01
1.142441644480832430e+01,2.081454114887650775e+01,6.357411781136741880e+00
-8.850528100625563610e+00,4.865105729052311645e+00,2.372144249252210457e+00
5.274225347451892532e+00,1.979736725683763865e+01,-2.506542100270909401e+00
4.859964052347464758e+00,1.364257962883973718e+01,-1.035036106972343006e+01
9.211505593922602486e+00,1.276247269245604166e+01,-7.506317493077476755e+00
-8.380098626972777964e+00,1.076645873134668108e+01,-5.460768365307866468e+00
9.968215267873816288e+00,4.844066046072932785e+00,-6.642375044903858772e+00
-9.350294107503197338e+00,3.707088672115673500e+00,5.473836714085704713e-01
-9.418640473991301221e+00,4.630210390473682658e+00,-2.049416426091698717e+00
-6.781414691842717168e+00,3.915203505029344999e+00,5.516581684897906790e+00
1.175023345433557687e+00,1.637127394490181942e+01,-4.810531589364858363e+00
4.872471651766278278e+00,7.352630442501332020e+00,-3.013839864847245753e+00
1.462012595719117458e+00,1.214696207831323704e+00,-4.790471160062061529e+00
-3.012942180802146375e+00,2.035115523295703710e+01,-1.027789793640755356e+01
1.365444903271670896e+00,1.855950358423194047e+01,7.552687818091518679e+00
-9.474560276964561822e+00,1.948279794709947055e+01,-7.669941535539055444e-01
1.014955157671907138e+01,2.089306427557514212e+01,8.542446845372580810e+00
5.026724880095062353e+00,3.651800233609233004e+00,4.960105907123329771e+00
-5.697350119052917883e+00,8.321082396955834071e+00,6.415550966366737384e+00
8.793519121834091123e+00,1.592300798978591736e+01,-7.918383056202270787e+00
5.724384883820288650e+00,1.461643297912963746e+01,3.796220994365233636e+00
3.608179407097144242e+00,3.231814033136956255e+00,-4.068400147184933147e+00
2.972057565322813844e+00,1.713249562480297428e+01,6.824117359985828024e+00
6.223658577400137837e+00,4.713252008569874363e+00,-3.196881674973128806e-01
8.288972634918117421e+00,4.700169911275084544e+00,1.062343247933956292e+01
1.198229935659845680e+01,1.127646288076168446e+01,-2.902142964766984967e+00
-3.294200207911493816e+00,1.245173863167576656e+01,-1.016144927187294478e+01
1.210013075633277424e+01,1.218181036459403543e+01,4.545421279745651688e+00
1.180983927550586543e+01,1.921223585352852314e+00,-3.390226912790593072e+00
6.357256582611964468e+00,1.842667811523798704e+01,1.206713631476839854e+00
1.113245907583374539e+01,5.577600894362827688e+00,6.951432461556902531e+00
-9.129869706688854336e+00,2.719813346938887655e+00,-3.549460230656360515e+00
1.195722670270546928e+01,1.866370967724851937e+01,-2.977351855547066606e+00
1.092254764033702585e+01,2.006868146282482002e+01,7.336687482292887807e+00
1.110001428507964905e+00,1.810467996257446188e+01,7.629174554980153289e+00
4.950357453709177236e+00,1.699983756922243927e+01,-2.924364284648699019e+00
5.748257337904433051e+00,1.376008159341945714e+01,3.745096021242011908e+00
-6.755676632729858078e+00,1.156800478279192568e+01,5.541635216720538715e+00
1.229275993381550691e+01,1.826721958139613022e+00,-1.787190728121432315e+00
1.239942094476688439e+01,8.577517474484672277e+00,3.274798474088031153e+00
3.128357164489270481e-01,7.826458857258593582e+00,-4.767658743009604905e+00
-9.477242627516375251e+00,5.454829458966850453e+00,-9.632553609303443620e-01
-6.156664186490734103e+00,1.519182238746028446e+01,6.070884008969593459e+00
5.897579981157402784e+00,1.041339043665418629e+01,3.396495472500068225e+00
5.282923671054256864e+00,1.701970534060606610e+00,-2.494147829577522124e+00
-3.184924515441246440e-01,4.623847240946037829e+00,7.887909693905224451e+00
6.969186453272813608e+00,1.434843403685151486e+01,1.167758786190284859e+01
7.396321628748154797e-01,1.598748049296303986e+00,7.723169154295080219e+00
-9.451694310621297390e+00,1.787534519502414199e+01,-1.691592689106989900e+00
3.809048960440435838e+00,1.039807706729346037e+01,-1.067921442416274758e+01
-2.292669332401262139e+00,1.009231812385960758e+01,7.809955715473413385e+00
3.645684867320513778e+00,1.244056347784986905e+01,1.338356110022600909e+01
4.777037653005391071e+00,1.731830028442813330e+01,1.292894599986571791e+01
4.925259515289693191e+00,7.303993365946054084e+00,5.093569047383299520e+00
-9.395685648540583301e+00,1.423833920374033468e+01,2.437056284259694616e-01
2.272987882423431749e+00,1.188037124391161292e+01,7.197731821489483650e+00
3.264189163755238710e+00,5.607593673557847325e+00,6.637763166513352964e+00
1.723907892964460009e+00,1.845122971345831786e+01,-4.757325834854716717e+00
-5.360162545315216853e+00,1.674594645374548918e+01,-8.979188134924479314e+00
-9.447015019519326984e+00,1.382748852782693483e+01,-2.385802651903658200e-01
2.423956468813383225e+00,1.786221631097907903e+01,-4.597729296725917791e+00
3.617129936767915943e+00,1.821317822015585008e+01,6.385215829127597331e+00
1.009803651529885293e+01,1.487562251101573096e+01,8.613442461856131160e+00
5.388936082481143863e+00,1.757727989563711191e+01,4.420763288631816224e+00
5.950483277866648102e+00,1.464690069505495629e+01,-1.238435740110540140e+00
-9.279336477855807175e+00,1.428295620696630941e+01,9.254664057021010359e-01
1.887871173203725883e+00,1.299083894251887017e+01,1.387407166430185157e+01
5.301384942156310842e+00,1.580704943071046564e+01,4.561495770905901637e+00
5.691493322857296144e-01,3.330707211154547487e+00,-1.103244619783143143e+01
9.276398151169356510e+00,1.849828594317749619e+01,-7.438552602633998312e+00
5.453994395048333388e+00,1.830871408264987110e+01,4.311058265017372548e+00
6.344633862061609619e+00,6.141929437257420688e-01,-9.682028359072688772e+00
-2.609052018277786544e+00,1.734215176186001628e+01,7.751347086802390152e+00
-3.395876910693811368e+00,2.706267216942348952e+00,-1.011700861589558187e+01
-3.282500067351687534e+00,7.037495939441980042e+00,-1.016648229366560940e+01
-9.212301671323825047e+00,1.561367338212376410e+01,-3.229411048746864576e+00
4.183162571124937834e+00,3.375957817014472173e+00,-3.667698773892895669e+00
1.258276225855551544e+01,1.717730750650030558e+01,2.335492554432070655e-01
9.130871043172219537e-01,1.747481773711258057e+01,7.681592297883375053e+00
6.357364739423454481e+00,1.065682240897756117e+01,1.203534554344026786e+00
1.910784066109821433e+00,1.341033060535051780e-01,-4.724945367245504180e+00
-6.734083170793291551e+00,6.027800796673168371e+00,-7.769156875537648332e+00
1.137883324767524407e+00,1.295546528589058610e+01,-1.103979615775715217e+01
7.580632107181973778e-01,2.060490973857589125e+01,-4.809348083621113545e+00
-9.476864421747974276e+00,1.326808406735003665e+01,-1.084821242636012428e+00
5.787066705858620708e+00,5.455875202347355568e+00,3.659522968334525839e+00
-2.171468907424649153e+00,1.331411976509183859e+01,-1.057230136549337551e+01
6.339025882544649271e+00,1.133969297403296572e+01,4.608231313987506961e-01
2.545224689494912429e+00,1.637675329817401604e+01,-1.093193829341773160e+01
-4.030891766455150460e+00,2.246593415366126667e+00,7.320935952860908813e+00
7.604407857749311717e+00,1.598158595254258785e+01,1.120392348097889368e+01
5.783227708638185582e+00,1.136659815219831593e+01,-1.629806594023636146e+00
-5.772141521320504065e-01,2.022283208103888796e+01,7.905820039505666585e+00
5.070351083017936134e+00,7.179315486812408054e+00,-2.778731587606121156e+00
8.749859004156993691e+00,1.328505975581291132e+01,1.018506762399440824e+01
1.188055651109307576e+01,1.957259021571036683e+01,5.230849899471885500e+00
4.659309201366179209e+00,2.152704287804264371e+00,5.414743950853518228e+00
-6.881037372724775336e-01,1.968179823196547318e+01,-1.091091575705155670e+01
1.227168342202237561e+01,1.444560016831708005e+01,-1.877834047888151225e+00
-8.629228385360500297e+00,1.424578241208609874e+00,-4.943693545569368908e+00
-9.327774444222905359e+00,6.320234905883141074e+00,-2.676689468559993124e+00
5.308649075941358042e+00,1.487161386155091236e+01,4.550100662766794812e+00
4.299309706486898364e+00,1.414362630844205659e+00,-3.572463022504292596e+00
1.085291748810333878e+01,1.222557966370173865e+01,7.458030044997272512e+00
1.064726544856344859e+01,7.263544196012091447e+00,7.799971301847265615e+00
-3.322251475284286659e+00,1.303922587311701875e+01,-1.014931479843836826e+01
-4.243418448370940288e-01,9.605827100627698512e-01,7.896275745739006702e+00
-1.193117004500466871e+00,1.830227292919990134e+01,7.914181687576108182e+00
6.125625430812664085e+00,2.044326835272533671e+01,-9.796935722411154401e+00
1.085950758731940269e+01,2.034643496099952031e+01,7.446673046035226839e+00
1.143093600041245317e+01,1.574268846660141818e+01,6.343228598374644811e+00
1.056366336414186691e+01,2.731811042743271578e+00,-5.823569011061986878e+00
-2.476648313949395330e+00,1.592352711450947389e+01,-1.047458249115428863e+01
3.922380520558484740e+00,5.163252456348317310e-01,-3.863190941087290664e+00
6.228675843638625587e+00,4.645945821089423333e-01,-2.959698524391840557e-01
1.076828321863286675e+01,6.795814602140366034e+00,7.601611029206944536e+00
-5.607223252278602743e+00,1.026150699849798009e+01,-8.791988729990121598e+00
4.154634096493734496e-01,1.617855577396365874e+01,-4.781051647856378928e+00
4.631872393038780622e+00,1.434920290873660953e+01,-3.268076351394804568e+00
-3.270427733039806273e-01,9.363956833911714739e+00,-1.096086787851510103e+01
2.269908198106956876e-01,5.746159991914983500e+00,-4.754678037746356445e+00
6.218477583410464860e+00,2.093961450331193319e+01,-3.437097522562523877e-01
-8.859704255554717633e+00,8.949807346955431342e+00,-4.381864822816919691e+00
2.645893297810644196e+00,9.479127510923184730e+00,-1.091729576183844763e+01
-1.499912499637444663e+00,3.436100245025052846e+00,-1.075287205628854181e+01
5.844611413994615923e+00,1.669100052374851728e+01,3.526450118441224468e+00
4.751598035030637490e+00,1.456732674141126083e+01,-1.038951267236139664e+01
5.466860604621878394e+00,4.636161868563968724e+00,4.288801940640951216e+00
5.811309734316146836e-01,1.730001957932696621e+00,7.757472375277992604e+00
8.027837430260202467e+00,1.429048534356897449e+01,-8.577126067614432969e+00
-1.731988662307313742e+00,1.374473549990383958e+01,-1.069570916796645399e+01
1.257379747065947306e+01,5.738450066962395901e+00,1.897262867365961947e+00
-9.298397747175614070e-01,1.996813480725861822e+01,-1.087054885853166653e+01
-8.053090870711514526e+00,3.172215727398905116e+00,-6.043497088817834317e+00
4.322671043887035935e+00,9.079030821894640724e+00,-3.552656710089768577e+00
-2.603930693754370029e+00,1.981593432351957773e+01,7.752399603845057108e+00
4.319140544093681200e+00,8.814273655448568334e+00,5.775463997611264055e+00
5.230948273787513259e+00,1.340904490094579593e+01,4.669522820267298258e+00
3.493401539740137896e+00,8.349482357218679596e+00,1.343607865696689885e+01
-4.494394447141369930e+00,5.758519249322070266e+00,7.116914940921075683e+00
1.116179329128900299e+01,2.066353060715639245e+01,6.895047335270293232e+00
-3.503347754370917500e+00,8.596014132615902525e+00,-1.006865070510894533e+01
1.140782321078898320e+01,1.877608327726182225e+01,-4.333857524571521402e+00
-9.446713504448080556e+00,4.829046723712809630e+00,-2.348371345208709327e-01
-7.598287012237608273e+00,4.475198784526749129e+00,-6.729042176212006510e+00
-9.331009440209312444e+00,6.538157405747385686e-01,6.591070778716225931e-01
6.316296656344598581e+00,1.368500333289358650e+01,1.743500555235995453e+00
5.782275087495136745e+00,7.739053218198984396e+00,-9.965267911096166387e+00
3.498001948141350681e+00,1.815152324663237948e+01,6.474030189856053497e+00
1.122583529097931132e+00,9.937408040522701214e+00,-4.812362924792902952e+00
-2.142177203938792296e+00,2.033206198620915472e+01,-1.058115544463714919e+01
6.350727150750057781e+00,3.896035829765544189e+00,6.271447262362404018e-01
7.224776035802032759e+00,1.824108652706782507e+01,1.149393101613660306e+01
5.764784826934161721e+00,1.630853390862657548e+01,1.243133960897813850e+01
9.587910820791037736e+00,1.618935873752509025e+01,9.267599276344339998e+00
-2.789545622087536092e+00,1.774044779045464182e+01,7.712048884374203439e+00
7.051989745020269540e-01,1.598150380980297669e+01,-4.806608136847315471e+00
8.418219803069980856e+00,1.315062675425972394e+01,1.050465869963276333e+01
-6.819453018132350053e+00,2.756142431330139253e+00,5.479172487782794754e+00
4.272977691373956333e+00,6.830497693162902451e-01,1.314587828480409648e+01
4.637570329843869743e+00,1.933780480412942282e+01,1.299136132840932945e+01
1.253317939662121638e+01,1.294965660493549819e+01,2.351205385528730041e+00
2.682988586044974699e+00,1.672728311049970173e+01,6.990300030826623434e+00
-3.910188812914539458e+00,1.011196938176355076e+01,7.368641504603650638e+00
1.255532241881741307e+01,2.463471968210284135e+00,2.126685077891345088e+00
1.186133402048669572e+00,2.628901636253559104e+00,7.607393711555557658e+00
6.307582419887570069e+00,1.439687103180839856e+01,1.680433125425400687e-01
-8.566652995510056101e+00,9.036423792888715667e+00,-5.080983372841656909e+00
7.661966501401999530e+00,4.211019260707071332e+00,1.115806442161776069e+01
3.079845515724563221e+00,1.032348548157017376e+01,-1.084341473445024029e+01
-7.965218681949130186e+00,1.348387678577815940e+00,-6.185815235345706320e+00
4.463718516219745247e+00,1.222139944020237401e+01,-3.428189172411730823e+00
-4.916699385865599403e+00,5.648861493137051326e+00,-9.287558830151851907e+00
1.314507266426979681e+00,1.674874111338095162e+01,1.398177040845190078e+01
5.844309046211592751e+00,6.517601137395049093e+00,-1.495631777771071702e+00
-9.454674402505188979e+00,9.559623130717824324e+00,-1.649766842811739576e+00
1.187918440672187437e+01,2.440313380701133461e-01,5.234753303658671975e+00
7.519091547069476356e+00,1.521384643685736560e+00,-8.956124541443946541e+00
3.183093244106227626e+00,8.242364684540381958e+00,-1.082324289955078811e+01
3.753496458671051528e+00,1.007871552905959334e+01,-1.069352379240992512e+01
-1.976864863807903605e+00,1.260043151050537880e+01,7.855591663105429667e+00
2.736409277391710138e+00,6.124914152895367891e+00,6.960882944938026284e+00
1.202681390937073225e+01,1.459461960865739272e+01,-2.764445910289795805e+00
1.205303114171229417e+01,1.806257034097329495e+01,-2.680649969875006811e+00
1.223843649037675263e+01,1.637687076676034437e+01,4.028303118959184026e+00
9.717451145443167349e+00,8.319953323155000469e-01,9.109316573173430243e+00
-9.477267665466644786e+00,1.009064589241440757e+01,-1.016992892955559169e+00
-9.438104869740094216e+00,2.203533746781672242e+00,-1.348866924131031930e-01
1.157501047862303167e+01,5.082945333113077169e+00,-3.967662693850419586e+00
-1.699099845527588970e+00,2.071991445861007719e+01,-1.070414206011383129e+01
3.699733866313157371e+00,2.992406400931777899e+00,-1.070708604992819524e+01
1.145609546390638656e+01,1.047665122247847691e+01,-4.231365539655730146e+00
1.127580803740449333e+01,1.298127042068050052e+01,6.669260541568919898e+00
-3.468964487030265498e-01,1.475176438142618274e+01,7.890296325152848844e+00
-3.199810606495869791e+00,1.175262235322519544e+01,7.606550000368468289e+00
4.335179851995775380e+00,2.051877958028568427e-01,-3.541959276030933079e+00
-7.519966542399837195e+00,6.855687473123829534e+00,-6.835754835197659141e+00
1.678525407142350989e+00,1.087194451107894011e+01,-4.764088238735951109e+00
-8.626371857337469251e+00,1.845196482041500552e+00,2.899252115070815705e+00
-9.043635327310941108e+00,7.363165555392796158e+00,-3.844031537075415894e+00
3.164217991120044537e+00,6.972652846186978559e-01,6.703726384712678232e+00
-6.738083560603389088e+00,1.650148440255435611e+00,-7.764942913295985960e+00
1.417534279813101428e+00,8.335388800233516804e+00,-4.794691567455224401e+00
1.746070867431308349e+00,2.787030834904267174e+00,-4.753867470251202931e+00
1.240149810584089884e+01,1.191835781349272061e+01,-1.258757319682976883e+00
-2.030260798560379332e+00,1.447876435188257993e+01,7.848770956639355312e+00
5.502929416693878473e+00,1.681232068129073909e+01,-2.155170049503608354e+00
-9.423483293067846489e+00,4.203155129141012303e+00,-2.004976166651095237e+00
9.899255417865969520e+00,3.517134227440465111e+00,-6.728406354980515758e+00
6.035354180550362102e+00,2.195924647022405196e+00,3.014820853566928083e+00
-4.243515521836991766e+00,1.336503524041637014e+01,-9.694963925040362085e+00
3.974288775951376085e+00,1.483599025622492462e+01,-3.826196377160079543e+00
2.433642602682385636e+00,6.633090413384827855e-01,-4.594774457607485374e+00
-9.298949011400381437e+00,1.966045717111748559e+01,-2.830822122391014606e+00
-9.097244826312609334e+00,1.091396956680920738e+00,-3.664995758913170754e+00
-2.916663991541336376e+00,1.136722304132247885e+01,-1.031561881117801249e+01
6.138825168595078097e+00,1.489027090846924395e+01,-9.790179188353809181e+00
3.138406270750330851e+00,1.829035159866779736e+01,1.355089555870053175e+01
-9.465595824810201009e+00,1.499582557478098366e+01,-1.465721803232380216e+00
7.573428902819192565e-01,1.683628974446562765e+01,7.719118564394645610e+00
1.142637200515368434e+01,7.128454043398927631e+00,-4.294766795013389427e+00
4.036236463315002077e+00,1.711132738867675585e+01,6.040521392492676611e+00
-7.425643504398613537e+00,1.682411774078178102e+00,4.814061517287670178e+00
3.673818903984928497e+00,1.879114977727108027e+01,-4.028079962466191155e+00
1.171770199310780747e+00,1.149943989922846121e+01,-4.810661700662823392e+00
4.753175734028233457e+00,1.716325316921236777e+01,1.293975695099781831e+01
1.258739858692632296e+01,9.498683974884302827e+00,3.140626063000157009e-01
3.074021030212096495e+00,1.351513159912702378e+01,-1.084452279730149371e+01
-5.601559002798380149e+00,1.105445587965837717e+01,6.481553628704848080e+00
6.333273856473528696e+00,1.536337995686196933e+01,3.961179638049902030e-01
6.158041801225761169e+00,1.714229622642381212e+00,-5.955551492368036381e-01
4.988402975611030854e+00,1.267393763801839768e+00,5.011294936727450633e+00
-8.843408124237747359e+00,5.189167914213075328e+00,-4.425051529277958196e+00
4.996928183691562886e+00,3.350438282376955179e+00,-1.029909290501386465e+01
-6.662874491836827673e-01,1.830745489843623375e+01,-1.091428405821574010e+01
3.545240955623722545e+00,4.603493734518930403e+00,6.439263386674372036e+00
5.658458110598624913e+00,2.049317037220175663e+01,1.248978878196473197e+01
7.257133288906586266e+00,7.074811627193243524e+00,-9.135133032942738041e+00
-8.661450332359477144e+00,3.824476229462685062e+00,-4.870759409430075237e+00
-5.186638301883851554e+00,1.658366864999206314e+01,-9.103923572358425531e+00
-6.295582163650056629e+00,1.383286328551839794e+01,5.956760181335969406e+00
5.088538040616137792e+00,1.046211004551591905e+01,4.875426957554862994e+00
-1.708305915384257023e+00,1.166263456969025647e+01,7.884406524182569598e+00
8.979102933282261390e+00,1.510323734371753979e+01,-7.740468062820744954e+00
6.556483286422629675e-01,4.797549567957273275e+00,-4.803504961695340469e+00
5.158654843388807976e+00,2.092301223719158187e+01,-2.664949436276176975e+00
2.161857975945358223e+00,2.047065640508244400e+01,-4.669818972428269710e+00
1.908556766441247499e+00,1.365683941328567386e+01,-4.725374472810753623e+00
1.249812488504948327e+01,4.190391469512047884e+00,2.644868353675042805e+00
3.875341383162354880e+00,1.428479309105711792e+01,-1.066174403157604011e+01
-8.910730388186644646e+00,1.516166588562692707e+00,2.212798314808115840e+00
4.489820971810119410e+00,6.437025463219273602e-01,-3.404200642626349360e+00
-9.316597509672510213e+00,5.411340658735487530e+00,7.377197659787743111e-01
-8.889482906849805133e+00,9.715082091525642838e+00,2.270072310027988927e+00
6.332746928699603650e+00,1.823372261357599200e+01,3.905458584996974181e-01
-7.145623804626176856e+00,1.527055046509246772e+01,5.138455452364051546e+00
-4.880449529236687845e+00,1.559683694519960184e+01,6.920386742142505376e+00
-4.846426627521402075e+00,8.935360023409582908e+00,-9.333373101864829380e+00
-3.136618779115446731e+00,7.264634843486221349e+00,-1.022785153235601285e+01
2.128336346540041113e+00,7.791814022676656570e+00,-4.677958989321854943e+00
-3.126645339987922600e+00,2.074064083845721385e+01,7.627032677459850696e+00
-3.981062931570371610e+00,8.422930196621321031e-01,-9.835854236645038995e+00
-9.450206640662806024e+00,1.820766141857141918e+01,-2.794156986239925144e-01
1.248135106919624171e+01,1.215218358002026200e+01,2.768080650020211753e+00
-8.198336767268088465e-01,9.210923802981399788e+00,-1.088961287427710900e+01
6.244144789267538798e+00,1.523041086871786653e+01,-2.197317320089391957e-01
3.318626501458513012e+00,1.022004776991875907e+01,-4.231317724491422183e+00
-2.439192234543001270e+00,1.834188799971487072e+01,-1.048711898641297502e+01
1.227023169400325298e+00,1.891473914423642810e+01,-4.808155675034859300e+00
-7.067503877543314772e+00,8.856139464342563272e+00,-7.400584007308991019e+00
7.248345964012933074e+00,5.813383741936083204e+00,1.147653654482141050e+01
-7.678059087333627630e+00,1.243935690046060749e+01,-6.617253198452094587e+00
-4.136184546662509121e+00,1.915963025795051067e+01,7.277523122174238246e+00
-2.355016312836227144e+00,4.423905969118997916e+00,-1.051473459429955248e+01
-8.341229679293375554e+00,1.308229825483313746e+01,3.462461760314158532e+00
-8.957885600550204330e+00,1.326276462194293160e+01,-4.107495261136840270e+00
7.120421223054527182e+00,1.539537347072089979e+01,1.157000540052206006e+01
-3.984319668573458983e+00,2.762921387672455875e+00,7.339601674371071027e+00
4.925598374632400578e+00,1.503232425832385921e+01,1.286039834467012355e+01
1.030946847973007330e+01,1.908968293397846239e+01,8.315527889103037751e+00
6.312177957356793101e+00,3.773345286275081367e+00,1.777508494352589841e+00
3.263340043388154310e+00,4.988409823401430465e+00,-4.259774898402894472e+00
4.605095749802325500e+00,2.039929697487443150e+01,-3.294479271590145864e+00
8.346663974059075342e-01,3.800516006899285149e+00,-4.812277556830545144e+00
4.353905440643193181e+00,1.794208696076116283e+01,-3.525823915313300194e+00
1.710276597653843433e+00,1.033783498540872969e+01,-1.101762236739815570e+01
3.346923256296872928e+00,5.191852562466717558e+00,-4.216432797449360059e+00
1.041290714487559166e+00,1.828574792672273830e+01,7.648102995081984545e+00
1.260023122612957991e+01,9.351410355055975288e+00,1.376092568799430538e+00
1.073036545281464305e+00,1.081116443252349413e+01,-4.813571704898028436e+00
1.219327641902219206e+01,7.543900757395079815e+00,-2.191064954780939544e+00
3.436533876216652406e+00,1.245196788013347522e+01,6.518401728757157620e+00
5.227890992013989546e+00,3.434001324285477885e+00,-2.571420550817940409e+00
3.153931565752273514e+00,8.212712269686974764e+00,-1.082904206335704700e+01
-3.703746999418724872e+00,2.035765876904103777e+01,-9.974598590320185920e+00
1.187515079449248567e+01,5.420802086723678137e+00,5.246205222942993629e+00
6.995284923650819664e+00,1.379146995536713582e+01,-9.303863860917036988e+00
1.180198189580872459e+01,6.828991348718592036e+00,-3.410996785011368715e+00
3.426270896593377469e+00,1.624293563941861507e+01,6.525716089766604000e+00
6.351836341997675994e+00,2.748346875085346142e+00,6.471397493189294803e-01
8.382651506628233662e+00,2.036624194664943843e+01,-8.286073537976090364e+00
1.193451475474423695e+01,9.529580369056423805e+00,-3.044119636273190821e+00
1.255406638329992886e+00,4.957059730275743092e+00,1.399147125619070309e+01
-5.845515273307777981e+00,1.543431693930265691e+00,6.309589441824105194e+00
-2.930507263918305405e+00,3.564916006838355411e+00,7.678354797186339731e+00
1.033997588150201530e+01,1.091525291967637123e+01,-6.148463474117475513e+00
-5.574559671426577712e-01,7.077066705057012186e+00,7.904754710157244624e+00
8.188527562209396038e+00,1.740655068353479962e+01,1.071361971522776813e+01
1.244675731511582484e+01,9.048637996897925362e+00,2.998057222172624048e+00
-6.867062671114305239e+00,5.222999724340228411e+00,5.431696219621767519e+00
8.404366024330286677e+00,1.296004471868463170e+01,-8.267493310775323678e+00
8.710876605724468646e+00,1.484232155459436164e+01,-7.995160545627499005e+00
4.695064480963716314e+00,3.507880065919946944e+00,-3.204330378215878294e+00
1.050417031151529734e+01,3.520003542054670920e+00,8.024820890471353607e+00
-9.462674451142596865e+00,7.700999656044024144e-01,-4.688085126825535243e-01
1.247532613432583304e+01,1.546444231637845057e+01,-8.095786618616570562e-01
9.650890081747058868e-01,1.393989508005790690e+01,7.668293621563235796e+00
1.095721082471381536e+01,9.967248390746091147e+00,7.275142397604123623e+00
-4.211641619172436179e+00,1.772757942835313827e+01,7.245366165598840169e+00
4.909134157767778839e-01,1.691907321195111535e+01,-4.789438066963769280e+00
1.030724209628416510e+01,1.229244165233179586e+01,8.318757597781088364e+00
4.224560336274631567e+00,1.823369689077843248e+01,-3.634361557670211518e+00
1.017341044117221704e+00,4.322665410772133399e+00,7.654539238083945207e+00
6.197353933581225327e+00,2.350312007352285626e+00,1.218057290725126407e+01
6.136992646860010225e+00,5.664741841856781868e+00,1.221684665976168915e+01
-7.788857588727815973e+00,1.198823977875612012e+00,-6.456441844568538535e+00
-3.439102770116793106e+00,1.115456008802167176e+01,-1.009773087927937318e+01
-7.904300635950937348e+00,1.966871953819419261e+01,4.174417111802531721e+00
2.760065770852736744e+00,8.262143540387025809e-01,6.947672405825116471e+00
3.435460877624927356e-01,2.564308194210562775e+00,7.802419717013155953e+00
6.091586863074092140e-01,9.496179593952140507e+00,-1.103392374035320778e+01
8.530908313640704677e+00,1.961137536808600146e+01,-8.157372037729601288e+00
1.124239217852185391e+01,6.639278204511760428e+00,-4.667632235291637954e+00
1.113727990540831136e+01,1.065193098245624093e+01,-4.867193889111708138e+00
4.221223923963180802e+00,8.730300400582340359e-01,-3.637072910615511745e+00
-9.359234472750641132e+00,3.115207220203866090e+00,4.926319037939546619e-01
2.712879318164110209e+00,2.071923258213578478e+01,-4.500435355248386671e+00
-8.833311844285367087e+00,2.026749262515695449e+01,-4.451504359695639401e+00
-7.560130217019476184e+00,1.037395996226019301e-01,4.646209778748349173e+00
1.139888508047128646e+01,1.998804749388801838e+01,6.412528963027852136e+00
-1.322816250295317575e+00,1.342151869412550802e+01,7.909836001968278296e+00
5.191769540631232083e+00,1.822628418492046620e+01,-2.620710532958935524e+00
5.909820768590872575e+00,9.549536968311041818e+00,-1.340996254186277215e+00
9.267952106086045916e+00,1.082751660016425532e+01,-7.447433501534940881e+00
-4.646779170765429789e+00,1.026577818539532316e+01,-9.459231317119694893e+00
4.618421626597180918e+00,1.400414940846819079e+01,-3.281383836567929535e+00
3.920950437042769021e+00,2.932676349882570754e+00,-3.864197190723345443e+00
3.595899925688234244e+00,6.294453873262370047e-01,-1.073248633740633196e+01
3.418512337868015116e+00,6.466528773415008757e+00,-4.177792441554356806e+00
1.238547291409653539e+01,1.479829601746958012e+01,-1.344523576067570891e+00
4.142731070522688519e+00,4.238922494581915501e+00,-1.058688117557272079e+01
3.801158697356096017e+00,1.414208109982326356e+01,-3.946079700097589793e+00
3.952415858805307103e+00,2.036815296825268007e+01,-3.841897140256793186e+00
1.759623817262571555e+00,1.971915031577786248e+00,1.390031628127919916e+01
-3.100845804935138172e+00,1.412464448272765161e+01,7.634081036605400605e+00
-2.826224895958215022e+00,9.318754605395994872e+00,7.703536238344530496e+00
1.214187039330648155e+01,1.823098734192761228e+01,-2.379550924321574890e+00
6.505466132218588271e+00,3.720145578395103847e+00,1.198867860984839240e+01
1.842449918824150767e+00,1.454514499674945505e+01,1.388350992286366647e+01
8.614586211170768948e+00,1.760042108261031402e+01,-8.082784818503981228e+00
-3.250763240518421249e+00,1.983689860895448831e+01,7.591852210107372656e+00
3.894767751706132763e+00,1.434820859408256233e+01,-3.882498706640462593e+00
1.038822926699747029e+01,1.044067004417697397e+01,-6.080285799196656349e+00
-8.501792044921705482e+00,1.297479204422549159e+01,-5.217724288722095594e+00
-6.581924933763141361e+00,1.824700467405308402e+01,5.705488055057655217e+00
1.023764979892820115e+01,1.198280467941542327e+01,8.418691086694995107e+00
4.990996136139520090e+00,6.381282536335740607e-01,-2.876138416566622613e+00
-9.332681761583305757e+00,1.954992260564653250e+01,6.497310821165491745e-01
5.147185300420435983e-01,1.448006177166278441e+01,-4.791829376441449462e+00
-8.734067096011923326e+00,1.420678110132217675e+01,2.657484854767861560e+00
2.653450121716121490e+00,4.529178200352060202e+00,-4.522014696175168602e+00
5.249159369109826834e+00,1.383659487488580098e+01,-2.541875894725486251e+00
5.206935886317729079e+00,8.271152518737327597e+00,-2.600148959967457429e+00
-1.773922241174719749e+00,1.367589251787133442e+01,-1.068479694436005190e+01
7.988807584586004928e+00,2.238453636467805374e+00,-8.607749795637786860e+00
-7.217509505595005592e+00,1.381475139666375718e+01,-7.222331495837305937e+00
4.809596392085867755e+00,2.098768824118399934e+01,1.291410629247319619e+01
-3.146107057796066808e+00,1.012452816071676587e+00,7.621655775797101739e+00
3.213117658059381210e+00,2.052065786864766395e+01,6.671753778795380896e+00
1.219280707696375821e+01,8.545067175180282248e+00,4.208684354621710533e+00
5.861421626082297998e+00,1.828582245708244258e+01,3.486037193346184893e+00
4.684927713209998679e+00,1.643009516522374369e+01,1.297037600897469645e+01
5.517332662389552445e-01,1.190734148072002441e+01,-4.795306190307313976e+00
3.880132517336690068e+00,1.550743339427785727e+01,1.329879625876295535e+01
2.025382602919440167e+00,1.844882678732830428e+01,-4.701450889265029964e+00
1.121281559895811064e+01,8.486946754671691906e+00,6.795345762019866953e+00
-9.357626260334711787e+00,6.867696392828012364e+00,-2.500122650033452576e+00
9.322883180572725248e-01,1.401946109683527908e+01,1.403994258037541343e+01
3.465287519722461074e+00,1.696476478076642991e+01,-4.151773265097267185e+00
-8.680180042194036716e+00,1.600798783030893091e+01,-4.827618939404681342e+00
3.950756649520279051e+00,1.675408662603132370e+01,1.327231991110951270e+01
-9.414893375460064107e+00,9.147249611071593733e+00,-2.082549084394784256e+00
-3.662342763990957817e+00,1.717451853967545361e+01,-9.994450274840085413e+00
3.050389326779075816e+00,2.524390162782777391e+00,-1.084898586227987316e+01
-8.183201887208873870e+00,1.143427105717784009e+01,3.737552261057588865e+00
-3.828905223742599784e+00,1.209318704605529815e-01,-9.913237879603727265e+00
-7.159104364050402403e+00,6.816302427905676531e+00,-7.292722615549427800e+00
1.059820771423623853e+01,7.695692232299355062e+00,7.878194428508525249e+00
2.135168680027567767e+00,8.319626523794363848e+00,-4.676319550929281199e+00
3.487204824044211726e+00,1.460481134048710494e+01,6.481894725806807145e+00
6.158680213951204685e+00,8.159720126677260765e+00,1.220386247348760200e+01
1.126162336307211298e+01,9.422566075073143921e+00,6.697950993718024826e+00
-8.231659656204127984e+00,4.988426748360876850e+00,3.655567656987907643e+00
-4.483011403137163953e+00,7.838287624216141225e+00,-9.557870019759132418e+00
3.687013555949746113e+00,4.772662172526181301e+00,6.331323604697124630e+00
6.353258183299887563e+00,1.537114399137316401e+00,1.302452594183240553e+00
-8.556219822391915031e+00,1.267242046100893660e+01,3.047214314040464167e+00
-1.508450147277595521e+00,1.403246876965534184e+01,7.899929238223394989e+00
-7.199832830601954115e+00,1.300929726620190507e+01,-7.243772085713935383e+00
3.641784431819362844e+00,9.733374919812019854e+00,-4.047919995322611264e+00
3.320936323589612993e+00,7.975501383763826446e+00,1.349317804511784580e+01
1.815265940183251159e+00,1.813000664100832893e+01,1.388908337675215243e+01
3.302961291816714162e+00,1.090071748786057881e+01,-1.079856137441404051e+01
-9.205326497273480513e+00,1.006281943022434966e+01,-3.258337505649482768e+00
1.697482858633819536e+00,5.384833819351494411e-01,7.438388490069751668e+00
1.217288375703539316e+01,7.166204380149283182e+00,-2.267251714891944658e+00
1.891855754106281706e+00,7.984107994502998018e+00,-1.100439013266188049e+01
6.240469271831210030e+00,8.375278398834909765e+00,-2.383005916931632828e-01
9.897508022410168138e+00,1.218361975377397854e+01,8.880737968148105566e+00
1.240015105810113916e+01,1.120565348126444682e+01,-1.266097143033146466e+00
6.226293149062148480e+00,1.276600694866233709e+01,1.216303106906368114e+01
6.102627873723545981e+00,1.606254849238469262e+01,-9.808656269422368013e+00
-5.048277875228261991e+00,1.707270051303796166e+01,-9.199589191623298134e+00
-6.209707328007160854e+00,1.508058460075638330e+01,6.027880912704986827e+00
7.999096531616351591e+00,2.006599761505362878e+01,1.087885362049416926e+01
1.226711345807787801e+01,3.828842362035942415e-01,3.908920570659855098e+00
2.124240647390542414e+00,4.111337699354468356e+00,-4.678936947989988937e+00
1.220146754181955284e+00,1.588203745409845213e-01,-4.808501840492372281e+00
-3.266097482593670609e+00,1.359696899724666252e+01,7.587358908013400516e+00
1.206809338815921961e+01,1.885864152794972526e+01,-2.631534959309652422e+00
1.676917504529375602e+00,5.113128228102285178e+00,1.391657893075494812e+01
6.058284947010198707e+00,1.946772544072243960e+01,-9.351523469506847208e-01
-6.513180776322347043e+00,1.265615196080777771e+00,-7.994658416236271492e+00
-3.597851975820779646e+00,1.962315656291579913e+01,7.482111877328608607e+00
3.875767672197247826e+00,7.384076432032323112e+00,1.330041818767588246e+01
1.260583492564537522e+01,2.129837397433546720e+00,1.046183326828915572e+00
1.259947428092900523e+01,1.020330694291283891e+01,5.936252665967935993e-01
-8.735174362043455432e+00,5.392307922130666675e+00,2.654897095329473711e+00
-5.989598102347639674e+00,5.982330941200379115e+00,6.201862062572650380e+00
3.901465164219038328e+00,6.453089263452017832e+00,6.157179496581311362e+00
2.656872369566939174e+00,1.686354385448593263e+01,-4.520794360882610441e+00
1.230345973844614704e+01,1.132238681018034399e+01,3.749827403366813083e+00
1.214507824894597476e+01,6.537461682276076935e+00,-2.368124369608986868e+00
3.760999060748408673e-02,1.281700944952928545e+01,1.413445603695019237e+01
4.470271152211901522e-01,1.503916415868706480e+01,1.409838456059819478e+01
-8.620335716276716909e+00,5.725104015404209434e+00,-4.963545964238485375e+00
9.827216668344608053e+00,8.684531132032381251e+00,-6.816568751456413722e+00
6.772559289052234810e+00,2.559607960075898525e+00,1.181287996248360805e+01
1.257006457509525355e+01,3.804136340228286617e+00,1.948103443866441298e+00
5.103483832261159314e+00,1.430347493326463848e+01,4.854545469091710252e+00
-8.002983845544724417e+00,3.810205301608165840e+00,4.026160883535972346e+00
5.563041429313535069e+00,1.102843105700826420e+01,-2.052746292024071995e+00
5.750918701995959559e+00,1.488997149617108562e+01,1.243903180433151157e+01
-5.626995196409994016e+00,2.244415384989620676e+00,-8.776499264585115867e+00
5.728715831785631707e+00,1.191355661220697471e+01,3.787027628719469519e+00
5.237339612460401028e-01,5.387818457728639210e+00,-1.103059230812293379e+01
-4.654411412348026467e+00,2.022146437998917534e+01,-9.454534635012375787e+00
-1.875455810781178956e+00,1.015445858111841915e+01,7.867547103715796020e+00
5.073246366416880093e+00,1.692584354527831891e+01,-2.775093471635164288e+00
5.104241931716452241e-01,1.155475738528149776e+01,-1.103001337059695608e+01
-9.440579441707674491e+00,9.116631899512024351e-01,-1.829276691877877115e+00
1.006268111816293320e+01,1.329617888747446841e+01,-6.521822152259983518e+00
-9.441722218346720652e+00,1.997947018633979610e+01,-1.816188059741705940e+00
1.254346427966226685e+01,1.263384822307295430e+01,2.251955821223953880e+00
-8.751118949238799516e+00,1.720296604796259388e+01,-4.658871424547681883e+00
-8.394830377994246362e+00,1.856833573031656215e+01,-5.432211332732591380e+00
1.190818357234754110e+01,4.789675210927581972e+00,5.151390519323217454e+00
-5.228457482653423583e+00,4.452941638072760000e+00,6.720907157666086817e+00
5.694742860876581325e+00,1.283060076587082676e+01,-1.809955617856398469e+00
1.335399080090847956e+00,8.631597865940799252e+00,-4.801413276574465705e+00
8.759676121445329144e+00,1.763708736020112866e+01,-7.950002560915432781e+00
-4.467770745055252846e+00,1.890048559135823325e+01,-9.566844345948771533e+00
3.919079192505773523e+00,7.421848965357080274e+00,-1.064998163625640792e+01
6.089929303173327924e+00,4.974281738464123137e+00,2.839864422485857798e+00
5.754837318810211322e+00,1.639103582012109683e+01,-1.689310867177419517e+00
6.626864449942422297e-01,5.770926746510857797e+00,-4.803977356116364561e+00
-1.297899164044211684e+00,1.727490068878724472e+01,7.910835311763420918e+00
-6.799124641898798060e+00,8.898503326624020104e+00,-7.700042750131054881e+00
-4.432747590101809188e+00,1.401854788512087957e+01,7.146007786107924531e+00
-7.345283519248915205e+00,2.006241590528031971e+00,4.910473122800564028e+00
1.039340866244876516e+01,1.310104581820803382e+01,8.192236563452782505e+00
-1.120642922562400390e+00,9.487121253481811678e+00,7.915686911563024175e+00
-9.473680578502813532e+00,1.231877772668495652e+01,-1.256372868378358376e+00
1.079602506070193435e+01,3.528298362642131814e+00,-5.459940130263237101e+00
-4.741282281635037066e+00,1.547434864382782393e+01,6.994137108150585647e+00
-4.313746319464432766e+00,1.811873862840780092e+01,-9.655623160437246000e+00
1.236236832285490550e+01,4.551535801906288370e+00,3.469411935757090060e+00
6.257081995577542521e+00,2.010005665923396023e+00,1.214425991326336707e+01
5.994839669507833868e+00,4.964103069730643192e-01,-1.119772689848661074e+00
8.578053782280473882e+00,1.348140150930858638e+01,1.035337249116350122e+01
-9.324676522638071674e+00,1.274897475786439571e+01,6.941217037743505625e-01
4.645694532436603019e+00,1.148064566699547129e+01,5.430185227823267624e+00
-8.377462381728472351e+00,4.870889018435483386e+00,3.396062890496419850e+00
2.609571098343402173e+00,8.209025914015807501e+00,1.370270546265530598e+01
-9.332572902491175881e+00,1.248400303890963414e+01,6.503431026627960465e-01
3.371789831589446784e-01,1.043210403604255632e+01,7.803518795531140029e+00
-3.294469712196550937e+00,2.074349592451263291e+01,-1.016133314418116917e+01
5.368767956979367817e+00,2.865234803691395715e+00,4.453856120088354409e+00
3.558267082029320960e+00,1.459803563499946932e+01,-4.098198688552552760e+00
5.555140332755496679e+00,8.490694130190135525e+00,-2.066484514349444801e+00
5.531383852688164460e+00,8.992191913437910245e+00,-2.107281065608738846e+00
6.084653815232679008e+00,1.506955307882170025e+01,-8.521693462293923327e-01
5.814742940647836811e+00,1.454115917781176215e+01,-1.561681286831181126e+00
-2.588084402635392856e+00,2.081637586774595405e+01,-1.043637317621844751e+01
6.360620517024138110e+00,2.696280078536629876e+00,9.183070983539159959e-01
-9.244117015999691045e-01,2.186302637067492949e+00,7.916436790563084358e+00
1.087953919148768200e+01,1.521111515970356365e+01,7.411990102645757972e+00
-8.904347431330670304e+00,1.214612525713459057e+01,2.230127987592977590e+00
9.241197300322952224e-02,5.757373997755923511e+00,-1.100358439465033200e+01
6.327473718112623047e+00,1.667806748768718705e+00,3.374484237633891270e-01
6.335349934605808642e+00,1.798823241525041361e+00,1.560340847221030502e+00
1.915276903412411524e+00,1.877800836794648376e+01,-4.724076605017594410e+00
6.303123689369827254e+00,4.029213819093601323e+00,1.347758507003327944e-01
3.620246034948816582e+00,6.790802804425935868e+00,6.382841480000097434e+00
6.350376709377134610e+00,4.759784446766748722e+00,6.210554348258710000e-01
4.116730813717261128e+00,7.454922422470683152e+00,-3.719834187909021317e+00
5.307485396280823942e+00,1.457900697667960710e+00,-2.458771228762200778e+00
-8.443483067907834538e+00,1.090025560907367819e+01,3.271530324741737328e+00
6.197217295245017077e+00,1.419863835436512955e+00,2.431184666463907629e+00
-2.341489484130892862e+00,1.680748666426959304e+01,7.801758575032450516e+00
-9.452080575983591970e+00,4.907953720119093255e+00,-3.045286413982937757e-01
2.488120289397323326e+00,1.134025020669472283e+01,-1.093982915364739306e+01
1.840462087996267870e+00,1.848166083879062427e+01,-4.737989335030778904e+00
1.162605132385447604e+01,1.366842474999107715e+01,-3.849087788494470974e+00
-3.798056044455166980e+00,1.119211351757804174e+01,-9.928552286576206143e+00
3.819081053300851902e+00,6.811008815422887608e+00,-3.934127266833931991e+00
1.202553348656796750e+01,6.993040174222156402e+00,4.793433828454409351e+00
9.086475629059194148e+00,1.405922605916199331e+01,9.836957813173095033e+00
2.878684582060413888e+00,2.087692658564451875e+01,-4.435819118381891357e+00
3.714610879489123718e+00,1.389862298683695130e+01,6.309665276970865655e+00
1.191035203949726196e+01,1.171345176477052341e+01,-3.113806498007030132e+00
8.181249328857170156e+00,1.534366071502416773e+01,-8.454127782831401205e+00
6.360334493172540071e+00,9.769317857958080609e+00,1.080492212237293304e+00
6.151778701606009925e+00,1.262989194616489508e+00,2.617440059947661712e+00
-2.813325781762313849e+00,1.180823313343610614e+01,7.706550282040315558e+00
-9.180370329219131875e+00,2.011013097461298571e+01,1.348696145256397028e+00
-4.643658747395885023e+00,3.681361789510852578e+00,-9.461148957065889320e+00
-2.694997576560421493e+00,1.449010270723398008e+01,7.733170070118100980e+00
-8.511994687466518883e+00,4.219607461840185536e+00,3.137076905351174894e+00
8.113047707417024412e+00,1.125238137393470694e+01,-8.509331232961043767e+00
1.714118740946753761e+00,2.030205442581111797e+00,-4.758820768229976572e+00
4.898000515163803747e+00,9.457789661421887928e+00,5.128322179987885754e+00
4.870605455169788378e+00,1.587942990680016742e+01,-1.034644945228698631e+01
1.097636681172662954e+01,7.299002009018623838e+00,7.240794656985279687e+00
-9.477147658002413877e+00,1.396314621423157831e+01,-1.047261047244165244e+00
-9.285292180893955916e+00,1.670444917658431194e+01,-2.899387248029069664e+00
4.846182907795173023e+00,1.947073420906850671e+01,-3.043201536902337079e+00
-7.854713603645932629e+00,4.927483718964523973e+00,4.246553338966945645e+00
-9.275946644505800975e+00,8.385634231995471310e+00,-2.944877920717765996e+00
5.286449598382086279e+00,3.200736279938765971e+00,4.584771669164637409e+00
4.117738309358209392e+00,2.084215354532587838e+01,5.967072786263798889e+00
-3.327807161746933140e+00,1.946702032641019997e+01,7.568947773420713787e+00
9.216905173314157151e-01,1.133909973589175202e+01,-4.814118146237409412e+00
8.202658711117646329e-01,1.768269918190484802e+01,7.704370777784843582e+00
6.116850689004573738e+00,1.094011752271288529e+01,2.746702451093801844e+00
4.287496189786640932e-01,1.309529944805795409e+01,7.787184613358170360e+00
5.279614995068135919e+00,1.871613074436349056e+00,-2.498870540087814618e+00
1.124708622422475024e+01,1.586067883043296689e+01,6.727172178541939829e+00
-6.550429583758061725e+00,2.681983156339931451e+00,-7.957597635588220975e+00
1.299473959590149885e+00,1.734742023530309751e+01,-1.103653896498262910e+01
1.111282831276499827e+01,1.642258984107810349e+01,-4.912357577815889442e+00
-9.409081834129962019e+00,1.488363865260250485e+01,1.381534002131369898e-01
4.041397810369754318e+00,7.593679910200044070e-01,-3.776986793178545021e+00
-9.182832558382198584e+00,6.365695474851900570e+00,-3.349091597228598616e+00
-6.999691256269414019e+00,5.525363968127700254e+00,-7.478516597112892406e+00
7.935706109647508555e+00,7.562864556901900848e+00,-8.648987784803310319e+00
-7.021424753542284236e+00,1.840497682040609373e+00,5.272571690312763515e+00
5.517991566387827618e+00,1.967611428365231774e+01,-2.129950078526359203e+00
3.326106022703674725e+00,1.162984705495990134e+01,6.595719478788178769e+00
-2.250926026201304886e+00,6.416010523818494349e+00,7.816721080719109871e+00
-2.098601158563655922e+00,8.336611858559951571e+00,-1.059415920658266330e+01
-7.928538164937404709e+00,9.391253350601548533e+00,-6.243690728539689871e+00
-1.717771448195089645e+00,1.261248100057296284e+01,7.883546240598982457e+00
1.775762194777178005e+00,1.082926798162645277e+01,1.389708251761176072e+01
-5.657980740455834656e+00,1.930723143750276449e+01,-8.752069053357663719e+00
5.467596345886017062e+00,1.043623314102243604e+01,4.287523413885092616e+00
4.643828785162748218e+00,2.083531831128956568e+01,-3.256171299185887325e+00
6.101026270531604290e+00,1.787992411264701076e+01,-7.984563915382771881e-01
5.157045521430370094e+00,4.378720801504051963e+00,4.778348490593121944e+00
6.216870777349125632e+00,1.954249950752224052e+01,-3.510665169089262627e-01
6.357262994178381810e+00,2.443694355594997702e+00,1.206526463426373708e+00
3.249301522333244652e+00,1.716644387831502172e+01,6.647735340634008949e+00
6.333721787883307641e+00,7.993089163008181508e+00,4.008969640976520754e-01
1.088096554617105483e+01,1.843746072934645852e+01,7.409511150101309340e+00
3.752269648513004263e+00,1.822919049225645693e+01,-3.978162448276973961e+00
-9.399282694485828316e+00,1.692443340247004357e+01,-2.210839438929241396e+00
-5.698277801144557841e+00,1.659063916244829073e+01,6.414902291977675475e+00
2.309633739469430846e+00,6.398261921058856494e+00,1.377885803415500554e+01
5.020549459930387037e+00,1.699304944076295731e+00,-2.840373713847990089e+00
-4.834524547535100858e+00,8.462583754068390363e+00,6.945094228611644382e+00
3.930198671463437599e+00,3.644014814716681983e+00,1.328007230619501122e+01
1.228244807199529731e+01,1.459397286695169527e+01,3.842930032792979844e+00
1.226761577565238426e+01,7.268094257293496341e+00,-1.894979791781064238e+00
4.661050373593798035e+00,2.048781421805821168e+01,5.412762631564512539e+00
6.317964011368524702e+00,1.346041362425197185e+01,2.514691143930133377e-01
2.051670437230352362e-01,1.727209183632157874e+01,-1.101229182299084286e+01
8.319268392170686255e+00,2.783018127578817058e+00,1.059587034584487419e+01
-8.568178740827907092e+00,1.810230412772507336e+01,-5.077700774146605589e+00
-7.885333532936942724e+00,1.937790100078128219e+01,-6.310759910902550729e+00
3.542702993173322046e+00,1.022830029519765382e+01,6.441146204198660463e+00
9.863509531131022356e+00,1.273131169277052699e+01,-6.772367608829752861e+00
6.356188312899826443e+00,1.606100581896290436e+01,1.235935103661927492e+00
7.053629198541138123e-01,3.671611172468663753e+00,7.730882075170343093e+00
-6.655529742349889588e+00,1.055388760573229057e+01,5.637178606619168697e+00
-9.472086524935047436e+00,8.371923583218574549e+00,-6.805635876368949511e-01
5.288641772356893256e+00,3.073853835407231117e+00,4.581368059820673189e+00
5.116981122409376859e+00,7.718222868122159852e+00,-2.719385724418214245e+00
-5.275572146119428929e+00,1.431618497095364928e+00,-9.040669112661442242e+00
3.039661585223683904e+00,5.420500459392266768e-01,6.782699235943513649e+00
-7.346592238510193162e+00,2.838492072251277865e+00,-7.062042857336354729e+00
6.125803838326218553e+00,2.022541734337265140e+01,-7.135618632482029211e-01
-9.101331037560539627e+00,1.154012025379535622e+01,1.635020775107395297e+00
-9.276468799017180800e+00,2.028226538421762015e+01,-2.942365162800076206e+00
2.440408887365977719e+00,9.082455444932771016e+00,-4.592697892260290793e+00
-2.430338503875520972e-01,6.548138794790451023e+00,7.881063151152853052e+00
5.705108578125477337e+00,1.062897911964512687e+01,-1.789630578635859948e+00
2.986208221459089707e+00,9.229745461291113173e+00,-4.390364984243894320e+00
1.326759871647155808e+00,2.218958369496622396e+00,1.397972676284677185e+01
8.005855376123693912e-01,1.345735260849433068e+01,7.709043400933575541e+00
1.204476643198372265e+01,4.536801832701591763e+00,-2.707293185265732038e+00
4.804469257067099264e+00,1.301134705285442195e+01,5.244252056878781154e+00
1.551955724650606605e+00,1.365422294036122075e+01,-1.102672139777197557e+01
9.167906799682778995e+00,3.192521915701610258e+00,-7.551248228287636088e+00
-6.407719778495500229e+00,1.288342169324031339e+00,-8.097563793018677458e+00
-8.830282393652712614e+00,1.639599330743723726e+01,2.423787234079950004e+00
-5.794231809509661879e+00,9.655808899155724490e+00,6.346807321323863604e+00
-1.167183615159918642e+00,1.221439705614991489e+00,7.914796361641079692e+00
8.304854845029565169e+00,2.089219266056511159e+01,1.060900439041545518e+01
1.253669033868280280e+01,1.213391780923699370e+00,-3.207352408512391673e-01
4.469193723870952262e+00,1.459573980602961640e+01,1.306425798443846453e+01
5.420947324234546727e+00,2.065725743053168628e+01,-2.287612408570942168e+00
6.598758996478044203e+00,5.022782188534438141e+00,-9.541044056090820291e+00
7.441814274670178975e+00,2.987236742431119474e+00,1.133073720166435372e+01
6.360061432153841565e+00,2.549083727871006566e+00,8.786686430514991653e-01
3.131304209842832087e+00,6.368778098919506192e+00,-4.324458249560169776e+00
7.550906648129690701e+00,2.121962031223580514e+00,-8.933662252339036769e+00
-7.732944346253505685e+00,1.453538817557677021e+01,-6.538426988829325381e+00
1.260592284191246648e+01,1.308127760731316425e+00,1.011489264508067976e+00
5.837047710957593338e+00,1.069786469114558436e+01,-1.512054231815933569e+00
1.143036789563644895e+01,2.093063393091251356e+01,-4.286298391223335891e+00
6.256955222089752411e+00,1.709337565962639616e+01,2.139642645269002053e+00
6.252292000444384712e+00,1.291960820285122935e+01,-1.774589375973142646e-01
6.258954984377858466e+00,6.431326036518845157e+00,-1.416496486681394218e-01
1.219644980457935191e+01,1.310181256212440815e+01,-2.179031241959545451e+00
-1.520832672715637934e-01,1.106787074214468447e+01,-1.098067195279021568e+01
-9.415230895324963711e+00,8.947751061697800878e+00,-2.079606407860413952e+00
-1.926430977381330623e+00,2.744917911544189071e+00,7.861700805597757302e+00
1.188619169741243020e+01,1.861868852004980113e+01,5.214776746566942123e+00
-4.447283022669489938e+00,9.445477625247772124e+00,7.139203465168394658e+00
1.225465384691086967e+01,4.087072748236066033e+00,-1.948906635499372486e+00
-7.434346566673567303e+00,7.722946368423081687e+00,4.803450303452079240e+00
-3.302275698832968231e+00,8.696724803107468205e+00,7.576629077018553815e+00
-8.517559433167646077e+00,1.737829580690436160e+01,3.125907021351198356e+00
2.240470523671007186e+00,1.540590199178944353e+01,7.212850232266494466e+00
8.125045252876820001e+00,1.615540276646813567e+01,-8.499681379864977515e+00
-9.447311030785602526e+00,2.316565530015914920e-01,-2.422733827177703247e-01
5.625508622282848314e+00,8.739233961774992565e+00,3.997080712116204193e+00
1.070248530494332151e+01,1.010822718434179635e+01,7.710436849716193919e+00
-3.820932985671495974e+00,4.030378132841904160e-01,7.402522759610354441e+00
-9.018248924478628581e+00,5.456077383645718371e+00,-3.924717531883152866e+00
1.022915883392174408e+01,1.596608628556483467e+01,8.430750664891231594e+00
-4.124994067560733058e+00,2.879303820308980022e+00,-9.759771739313428895e+00
5.186168770032254294e+00,1.124151276050442405e+01,-2.628255493019845179e+00
7.289341253573412338e+00,4.519239312361987615e+00,1.144609390165346596e+01
-3.815396824038046031e+00,2.545362675217587300e-01,-9.919959234942034243e+00
-1.165987777596662750e-01,5.065230609590370747e+00,7.867936116731763185e+00
5.825294165699344440e+00,2.049334885311112942e+01,-1.538356540800585037e+00
1.136849475163601575e+01,1.683227934954278027e+01,-4.415575381929293997e+00
-4.488161505817870989e+00,2.015110953074170297e+01,-9.554829613898490948e+00
-9.259793986442874214e+00,1.024493492245361104e+01,-3.021021072433203170e+00
1.105478782923350600e+01,2.304460172227573711e+00,7.097591188025758058e+00
1.108115327490405200e+01,1.150714926844755226e+01,-4.970192635819929095e+00
6.080684405986100494e+00,9.541924025759177752e+00,-8.649293337020595995e-01
1.547471928315421463e+00,1.773149873753193617e+01,7.492157541063993342e+00
5.058695558789130686e+00,2.059734196469136247e+00,4.916641922230929218e+00
7.803840528452120395e+00,1.025306387745734149e+01,-8.749303798560502443e+00
1.562839907855908317e+00,3.151021958573669401e+00,-4.779391876625164848e+00
-7.973927765835459702e+00,6.818194464691259782e+00,-6.171944436660274924e+00
9.341140362953238352e+00,1.548449862514379305e+01,-7.369860778140412627e+00
1.190370626193305448e+01,9.996380716744097228e+00,5.164381706043627673e+00
-6.536326160131584739e-01,7.893653988061156035e+00,7.909471613565942860e+00
1.237199102256798788e+01,8.284001849970740849e+00,-1.414216087181680015e+00
4.970984044394260337e+00,9.648382136525718522e+00,-2.900022670835734839e+00
1.259313709950342819e+01,1.648534742057819358e+01,1.565040056527410739e+00
5.515344411104300626e+00,1.873377846774492284e+01,-2.134403408132762525e+00
-4.794219712831044866e+00,2.006202841658249270e+01,6.966476764203576089e+00
1.152822509678871477e+01,1.652497111136119656e+01,-4.073417110290545651e+00
6.049166959858060189e+00,6.623544810708267505e+00,-9.629202498344622274e-01
5.711666610669881905e+00,1.445082882781738576e+01,3.823014513100320144e+00
5.762582535251481453e+00,9.189665605163231277e+00,-9.974496466926701999e+00
5.542949437405314761e+00,5.348083062967075030e+00,-1.007436862397625355e+01
-2.561847091062194881e+00,1.765830316794437493e+01,-1.044549285171498987e+01
2.861570693326389137e+00,8.069533282088249271e-01,-1.088276838079624653e+01
-9.041433388975152141e+00,1.893700183484389399e+01,-3.851127638788411467e+00
4.924564533841918390e+00,9.691026757119416857e+00,5.094460709964831580e+00
-9.265852094403591588e-01,1.338123101297388828e+01,7.916455119328268175e+00
6.360406891416888087e+00,1.384643236632143726e+01,9.010033915131230309e-01
1.008435157646996316e+01,1.879747255483726320e+01,8.632137126031942387e+00
-7.216095124636037639e+00,1.337006332551135301e+01,-7.224051444374921083e+00
-5.045444541977082586e+00,1.289260527996129646e+01,6.828550418977890502e+00
-8.491582347356098737e+00,1.399692851774489100e+00,3.177721931527764720e+00
6.501694140844297642e+00,1.088656846084928631e+01,1.199109734163430652e+01
6.109268010412049144e+00,3.153549017157874612e+00,-7.707230180073547654e-01
-7.038699248607423797e+00,1.548610914315119658e+01,-7.433882355590176516e+00
-9.465680654579648134e+00,1.075666033706616354e+01,-5.258805068108974856e-01
-5.208240336526978709e+00,1.428478336337541954e+01,-9.088687705317045840e+00
8.294237370836522460e-01,8.751309126500695923e-01,-4.812116218634018061e+00
1.207731666163188677e+01,1.780632336961867512e+00,4.623212503446799460e+00
8.058094861714723223e+00,1.504279114931632755e+01,1.082805745631301697e+01
-8.205861576698577409e+00,1.513771055972140678e+00,-5.782577643516538579e+00
3.144891484430582640e+00,1.496391283070430678e+00,-1.083082351514383923e+01
8.944804677781178270e+00,2.542779799326364554e-01,9.986549384478271563e+00
4.245471497083158852e+00,2.008652936428908120e+01,-1.055622357620543106e+01
6.095599565121732510e+00,1.548767554863914597e+01,-8.164580224438132694e-01
-7.632830151292965937e+00,7.418279578543347519e+00,-6.681029303647378903e+00
-5.584948535078829046e+00,6.227247207040759847e+00,-8.809346695022211904e+00
-6.576360998912177180e+00,7.343767824662840837e+00,5.710587508477754426e+00
7.123017400705125013e+00,1.626772415480481726e+01,-9.222796859997076879e+00
7.839104416193858782e+00,1.388878283247870193e+01,1.101366126824384750e+01
8.670901087488452674e+00,3.889106925216826660e+00,1.026316783739343208e+01
-8.016644953869073831e+00,3.656296042015771519e+00,4.005120338137805547e+00
5.062227923818517716e+00,2.066308643981343618e+00,-2.788906478845540438e+00
1.992547515693096738e+00,1.386635711372810142e+01,1.385172003419854825e+01
1.260146623084885853e+01,1.605182590665645392e+01,6.615102233445255830e-01
5.431972473651922151e+00,5.565974994825084288e+00,-2.270255402027160141e+00
9.089109381151578404e+00,4.398441816491690526e-01,9.834132687766553360e+00
1.215194850044564312e+01,1.725605017004974151e+00,4.361567291500403343e+00
-9.451377149407667488e+00,2.032506073174564065e+01,-1.695897027618940900e+00
-6.708383675989621153e+00,6.204340327025825275e+00,-7.796114629774181459e+00
-4.915597591580198156e+00,1.615368610460080490e+01,6.901228113337201542e+00
2.580298919644674172e+00,1.311793494593954001e+01,-4.547452563012838844e+00
-1.382717674260999230e-01,8.020732432710813598e+00,7.870334020050454349e+00
1.177593188138509461e+01,4.319432506106656966e+00,-3.479056606654442607e+00
2.075629391652258071e-01,2.549114781347534997e+00,-4.751513387151532264e+00
-1.227813033357796901e-02,1.291527232881619902e+01,7.855535028376653628e+00
-4.856690381069591389e+00,1.626730939339354620e+01,6.933214936191617106e+00
-9.176231314219734259e+00,1.352198932436374434e+01,-3.375036691231816377e+00
9.173754696827653987e+00,1.113634479823232404e+01,9.742455348432134343e+00
-9.758140574910306730e-01,8.809756920643615485e-01,7.916710339781467987e+00
-1.021836137170449854e+00,2.033826432948205820e+01,7.916672060505987041e+00
7.220708497912061929e+00,1.677299802474606594e+01,-9.159203456810804056e+00
-8.079701578207608037e+00,6.149262770720259397e+00,3.906282570581737890e+00
5.836133385439381982e+00,2.057937691653586398e+01,3.546556097189719647e+00
-8.089723425371035503e+00,1.263951338236276456e+01,3.890306284581145135e+00
5.862121051141993888e+00,1.223087582235217674e+01,-1.454769073035275806e+00
6.348064884931194918e+00,1.570953676802017362e+01,5.831904413468462778e-01
-9.408281244290876089e+00,1.704716554989288824e+01,1.447425788141502301e-01
-6.252991106162131274e+00,1.378605075396155577e+01,5.992268188757045699e+00
9.589400297516787575e+00,2.690010673690200527e+00,9.265807297950086507e+00
-2.198409328508601934e+00,7.103617625884465880e+00,7.824914289809435708e+00
-7.385266876036491901e+00,1.948975644684704278e+01,-7.012696126951325049e+00
-3.399713032369858556e+00,4.716927848720890104e+00,-1.011530712146666211e+01
5.952838074503365995e-01,7.815507500587779433e+00,-4.799021947805246491e+00
-3.233747360244933478e-01,9.073614541828115776e+00,-1.096131240407753360e+01
6.353687253332358509e+00,9.227504783583496462e+00,6.834351676089280847e-01
4.939763292577388221e+00,1.287173123238503614e+01,1.285375006425351252e+01
6.025702060080780242e+00,1.980459259263885841e+01,-1.032387327565368551e+00
-5.976891083939197991e+00,5.054546948482603774e+00,6.211553898845757260e+00
3.974383179066735217e+00,2.551528902319279091e+00,-3.826128256276589923e+00
4.155456462941787277e-01,4.146880287058683834e+00,1.410158613632095381e+01
-9.443444320310709017e+00,1.862542290439466086e+01,-1.953889871333778783e-01
-6.425576675731334397e+00,1.356202706575932559e+01,-8.080346322203650899e+00
3.158136207538667861e+00,6.004042574022363077e+00,-4.311682150007614567e+00
8.327038034267276956e+00,1.713488571834096064e+01,-8.333244951442019044e+00
6.142785098099182939e+00,1.808876992363215663e+01,2.651733840357672456e+00
1.080011631634141089e+01,1.777680111249583916e+01,7.548093795836310349e+00
6.213662469763482576e+00,1.929745720643064288e+01,2.357297372465139151e+00
6.343469275251718109e+00,5.297061423640593070e+00,1.461166861495257319e+00
1.707703219048735566e+00,1.585588050367184465e+01,-4.759789678965499427e+00
-8.845864487013891164e+00,9.671329442756940509e+00,2.384122644404531144e+00
-8.219492739250799929e+00,1.768196961069129358e+01,-5.758389721156310870e+00
3.094807976609577960e+00,1.529830422039387727e+01,-4.341538582687070935e+00
1.028117651926937803e+01,1.630539637649421891e+01,-6.230202572519363713e+00
-8.127845805797452527e+00,1.377939859130250078e+01,3.828838270873021976e+00
-9.400688808658415496e+00,3.726004158863844395e+00,-2.199848322319421179e+00
-7.520175814290881888e+00,1.144556529683570467e+01,4.696958949936758998e+00
-5.039262121417884543e+00,2.067806453001467304e+01,6.832079408291821920e+00
-8.450288439704824128e+00,1.968514939643949901e+01,-5.322621005925057602e+00
6.139718419864029997e+00,9.066484517372450647e-01,-6.637633275737951921e-01
6.360652181293895424e+00,3.461111130318179629e+00,9.212521523503550691e-01
1.237583367994254679e+01,2.766304242545800207e+00,3.400562720794209515e+00
6.627930774748866050e+00,1.524557810969120553e+01,1.190919053695403207e+01
-3.028207515775959369e+00,1.717349192699584748e+01,7.653440108425623833e+00
4.040761816896818459e+00,4.483738692524109837e+00,6.036501892983125117e+00
-2.285893655150157411e+00,1.062290655198840916e+01,-1.053683807585413135e+01
-5.586837850973307873e+00,1.765476358823519831e+01,6.491526837411250916e+00
1.173464312639456386e+00,1.538883244009126194e+01,-4.810594216021185865e+00
6.153755407681630984e+00,1.138698131532881419e+01,-6.117964595218278179e-01
5.135910620242333025e+00,1.239730149963423145e+01,-1.024500711414084542e+01
-7.963527732284939598e-01,1.067557148524187838e+01,-1.089353161573509254e+01
1.254891726745459346e+00,6.248517477695232358e+00,-4.806652986398367133e+00
5.900808754938370981e+00,1.186546185003933829e+01,3.388316276828567730e+00
5.659242295121653221e+00,1.446659134305190442e+01,3.930404004876300039e+00
5.437888561483102956e-01,1.833978123307696251e+01,-1.103143413886033031e+01
9.046935354527932960e-01,1.336211843356420914e+01,-4.813882626666020847e+00
4.732314095590784753e+00,1.598355227790631794e+01,-3.165779815709606648e+00
1.164879545239879910e+01,3.361504334046032660e+00,-3.795111078301689034e+00
6.355101952728944070e+00,9.692706962815588412e+00,7.144245217499398670e-01
-1.421300659623813800e+00,1.959640163689592152e-01,-1.077100611504032557e+01
5.435784064651217662e+00,5.180256154954083314e+00,4.342235135317226380e+00
4.553077858648907572e+00,1.525569601737310066e+01,-3.344769809628414858e+00
5.260981294535383768e+00,2.082800897833663356e+01,4.623997637425458329e+00
5.764000490044441705e+00,2.082740091331534149e+00,-9.973833488088024168e+00
1.249438800969580399e+01,8.431380633087053766e+00,2.673112173913500644e+00
1.253162971017472493e+01,1.680149034268234942e+01,-3.678306122818141843e-01
-4.786851129552962547e+00,4.284748327206875373e+00,6.970355679474705468e+00
1.471715763862878057e-01,1.165678393534801138e+01,-1.100795928577346494e+01
6.215737457422344292e+00,1.539449721662317039e+01,2.347680153753263443e+00
2.763973565958963263e+00,1.293569445546375896e+01,6.945479237566296149e+00
1.090752107386738601e+01,3.948519426923738695e+00,7.363128745079188242e+00
5.909917362138722430e-01,7.463075942400528184e+00,-4.798673707876191408e+00
3.981187572359399240e+00,1.645962747419333994e+01,-3.821210126742570878e+00
6.174523262219337560e+00,1.163875679677234842e+01,2.527143334031204613e+00
1.228018672687803736e+00,1.098218844011674689e-01,-4.808104753005071785e+00
6.360262831708735298e+00,1.598080596058997038e+01,8.910620920172040993e-01
-7.237560983971929929e+00,7.415384537450204760e-01,-7.197865053924196843e+00
-6.409767052879722371e+00,1.566040943735587554e+01,5.859231566186474005e+00
1.112596880500397134e+01,4.252091763469985963e+00,6.963818049503382568e+00
1.227763733849044669e+01,2.011954308250698276e+01,-1.852539041283706611e+00
-6.337220890094892312e-01,7.726755777343774056e+00,7.908591909780345652e+00
4.592197063326606710e+00,6.865563943099661337e+00,5.489996480720930272e+00
-3.508333411349307873e+00,3.126649056981338326e+00,7.512037851808962330e+00
-6.774047734232714113e+00,6.417688525294512836e+00,-7.726842244645595770e+00
4.177405015720367487e+00,1.840966599839221018e+01,5.911847139425268516e+00
-4.132859734327383627e+00,2.092302109017219536e+01,-9.755531689620752900e+00
-5.632368713975985486e+00,7.734500140643815413e+00,6.460535065104502372e+00
-8.746115763072262794e+00,9.420823250045394559e+00,-4.671065504479132713e+00
-7.271813996893997434e+00,1.516348970225747728e+01,4.996223644840875444e+00
2.681934229620852594e+00,1.861011138976656554e+01,6.990874887802100979e+00
6.374228229244193855e+00,1.245393101792246782e+01,1.207180985906463988e+01
9.428829800048573517e+00,8.222039661734415361e+00,-7.275047042158871768e+00
5.844986142178134614e+00,8.665058657821099075e+00,-1.494093584809544017e+00
1.219683110735889109e+01,1.460798107643294408e+01,4.193207971405069401e+00
-9.241101404516534501e+00,6.758353568985231430e-02,1.099833150510031166e+00
1.101565934312296058e+01,1.301137608665665368e+01,7.169572475016225965e+00
1.164607278428623083e+01,7.465353219268505036e+00,-3.801610849053743912e+00
-6.642070321718702708e+00,1.667814395681876860e+01,5.649788778261537914e+00
1.035003526015310982e+00,1.952803436285775351e+00,-4.814155382869751421e+00
4.146450810862461367e+00,1.235224760591620097e+01,5.940653962775571451e+00
-9.071032154303981798e+00,1.010043068760859875e+01,-3.754094540619128395e+00
-3.287284046529269421e+00,1.348883604400977632e+01,-1.016442638691283129e+01
4.661729626308448005e+00,1.361925484142335385e+00,5.411989290547005282e+00
5.827275861697612136e+00,1.217965953599075668e+01,-1.533945741583285116e+00
1.257999615297030438e+01,1.179117634714999774e+01,1.893490334424116350e-01
2.049237789032383183e+00,1.177386198273958939e+01,1.383926400152538427e+01
-9.384926812136464847e+00,1.267324099852555008e+01,-2.317789324679935703e+00
6.323365052185607738e+00,1.420582668175360652e+01,2.989560594686290207e-01
3.959434605332940116e+00,1.690476899329616600e+01,6.107714139069928549e+00
8.425979622572179473e-01,5.666235122692500958e+00,-4.812510727953870138e+00
9.633322908612646174e+00,1.732603761378130258e+01,9.212675305108072976e+00
5.214331790052693982e+00,1.046336932753252569e+01,-2.590052147843379782e+00
-7.620063435381397632e+00,1.618223861820954568e+00,-6.698843444827161875e+00
3.867018516974350284e+00,1.229569514123563190e+00,6.186077046417620018e+00
-8.668072539627118545e+00,7.019004692617277108e+00,-4.855570463996249586e+00
-1.553976543899192597e+00,1.648283651934081817e+01,-1.074004138655705276e+01
1.252534217576108055e+01,1.486129962955923034e+01,-4.241369340401210941e-01
6.195976967719816209e+00,1.656091425812053686e+01,2.436599592166865946e+00
4.982071074771646790e-01,1.086265018527379667e+01,-4.790183685411426140e+00
5.767611932372830985e+00,9.244178957065301461e+00,-1.662746725592945118e+00
1.067350708144821603e+01,3.096503060831962806e+00,7.757622363685001687e+00
1.201413468930375750e+01,6.892047825795542870e+00,4.829807524302895061e+00
-6.281571272782342952e+00,9.114406689651380233e+00,-8.216868130284105121e+00
-6.055635002295399083e+00,1.860609023271961870e+00,-8.420825630243374604e+00
-1.686748273253469432e-01,4.632851006935436722e+00,-1.097891633045560233e+01
6.343816090024142262e+00,1.256273117533851469e+01,5.216112933030817578e-01
9.624263683404910452e+00,1.544892539902298623e+01,9.223680012608999945e+00
-6.243182216898857995e+00,2.096529773925194107e+01,6.000380184101793191e+00
-3.765115059352185156e+00,1.959537995821471057e+01,7.423115164570234015e+00
-9.450840200278351588e+00,1.349386919023902287e+01,-1.703124510605313890e+00
2.208055008290336740e+00,8.846209119175512114e+00,-4.658203101576710914e+00
6.279531834873034235e+00,1.335972465887288685e+01,-2.268489299168504128e-02
7.269699341803062431e+00,1.649868397968486988e+01,-9.126783370580488608e+00
3.864338487812386091e+00,2.485060009391133917e+00,-3.903481663055708761e+00
-5.858639201149409281e+00,8.608002683622054008e+00,-8.589132706762844904e+00
5.180139726962209146e+00,1.763584799834796257e+01,4.744814330705405148e+00
-4.218500026646761825e+00,8.060491990593924072e+00,7.242399685184391700e+00
3.035865219965100614e+00,1.200931769577091757e+01,6.785051685036110669e+00
-1.685418458528240349e+00,1.234315657810616251e+01,7.886439874749195944e+00
5.444225936320321146e+00,3.874001315806426593e+00,-1.011745869004968057e+01
2.514496286697620597e+00,7.606944274698055786e+00,7.079399498089803622e+00
-8.145692280436460209e+00,7.024737063580575480e+00,-5.887512155678891190e+00
-8.965708548783128506e+00,5.501308791733606762e-01,2.058821065359780267e+00
-3.095881632013025575e-01,5.080270417184601373e-01,-1.096297192620503580e+01
7.594398620350951923e+00,1.746563791719124126e+01,1.121184601106696554e+01
6.760533908897311761e+00,5.734487009429060755e+00,-9.446868591457937114e+00
6.052713175725153327e+00,1.087965409101512471e+01,2.960977355273403333e+00
1.450227940060351717e+00,6.273237045364234099e+00,-4.791629101239967881e+00
4.460211291930296085e+00,1.975426414742215186e+01,5.631945018943135040e+00
-6.447128124610176592e+00,5.445231936181248678e+00,-8.059455384143994650e+00
2.421429776207531415e+00,9.022793067517635990e+00,-4.598496637917211416e+00
-9.385024210108092291e+00,1.832733526017663905e+01,3.215375823823335422e-01
-6.322354960844573490e+00,1.768060490262798012e+01,-8.178737089892248235e+00
-6.747413521418217652e-02,3.908129774771823772e+00,7.862273909463517896e+00
9.964341228985137633e+00,1.685550950570991802e+01,-6.647251527711336649e+00
4.825092017047730053e+00,9.621924621495745455e+00,-3.066462411075097094e+00
3.525712413312430904e+00,1.014234631379246032e+01,-4.117240546902809051e+00
6.341973335248090038e+00,2.803079420734819305e+00,-9.683460420444539807e+00
-9.373815169858305651e+00,1.692631788899617629e+00,3.985646722096891081e-01
2.278443097538912276e+00,1.528672544644906850e+01,-1.096623456055598211e+01
-7.200087299065814683e+00,1.042568419946129410e+01,5.077830216169999744e+00
5.140050830320547881e+00,9.173864754918771069e+00,4.802760431990630074e+00
1.232059033701029094e+01,1.531967280170033163e+01,-1.662469723416788225e+00
1.162629913926361702e+01,1.607577087881330513e+01,-3.848503547407736924e+00
2.940063112417061753e+00,3.337071521056424572e+00,-1.086912948329061557e+01
3.967932750411232057e+00,1.281472813903046770e+01,6.100373236766253093e+00
-6.778327662871756587e+00,2.842435727831396086e+00,-7.722281944594186598e+00
-2.090046037157685443e+00,1.577887680660995962e+01,7.840702772057287717e+00
4.236777747369125713e+00,1.379605828160993042e+01,-3.624395895372540810e+00
9.387673687659411570e+00,2.008890704275261641e+01,9.502850104895598449e+00
5.765954206479884547e+00,1.448118343484844806e+00,-1.666213063717303600e+00
6.177958357324169647e+00,1.198149144176340553e+00,1.219227486460129128e+01
-7.786152150639962244e+00,5.925928568557202958e+00,4.343847018603956833e+00
