time_ns,system,parallel,dataset,n,l,c_points,method,n_neighbors
0.27599719999852823,Windows,1,swiss_roll,1000,1000,100,Isomap,7
0.27255259999947157,Windows,1,swiss_roll,1000,1000,100,Isomap,7
0.2785530999972252,Windows,1,swiss_roll,1000,1000,100,Isomap,7
0.25893749999886495,Windows,1,swiss_roll,1000,1000,100,Isomap,7
0.24973399999726098,Windows,1,swiss_roll,1000,1000,100,Isomap,7
0.2517385999999533,Windows,1,swiss_roll,1000,1000,100,Isomap,7
0.2547273000018322,Windows,1,swiss_roll,1000,1000,100,Isomap,7
0.24898590000157128,Windows,1,swiss_roll,1000,1000,100,Isomap,7
0.24937499999941792,Windows,1,swiss_roll,1000,1000,100,Isomap,7
0.24769839999862597,Windows,1,swiss_roll,1000,1000,100,Isomap,7
0.24724129999958677,Windows,1,swiss_roll,1000,1000,100,Isomap,7
0.2578390999988187,Windows,1,swiss_roll,1000,1000,100,Isomap,7
0.27258120000260533,Windows,1,swiss_roll,1000,1000,100,Isomap,7
0.24920339999880525,Windows,1,swiss_roll,1000,1000,100,Isomap,7
0.2515706999984104,Windows,1,swiss_roll,1000,1000,100,Isomap,7
0.25430790000245906,Windows,1,swiss_roll,1000,1000,100,Isomap,7
0.25144839999848045,Windows,1,swiss_roll,1000,1000,100,Isomap,7
0.2557946999986598,Windows,1,swiss_roll,1000,1000,100,Isomap,7
0.29131739999866113,Windows,1,swiss_roll,1000,1000,100,Isomap,7
0.25534909999987576,Windows,1,swiss_roll,1000,1000,100,Isomap,7
4.644199999998818,Windows,1,swiss_roll,1778,1000,100,Isomap,7
5.116781799999444,Windows,1,swiss_roll,1778,1000,100,Isomap,7
4.543154000002687,Windows,1,swiss_roll,1778,1000,100,Isomap,7
4.506895300000906,Windows,1,swiss_roll,1778,1000,100,Isomap,7
4.5529201999997895,Windows,1,swiss_roll,1778,1000,100,Isomap,7
4.405888100001903,Windows,1,swiss_roll,1778,1000,100,Isomap,7
5.436799200000678,Windows,1,swiss_roll,1778,1000,100,Isomap,7
4.9533856000016385,Windows,1,swiss_roll,1778,1000,100,Isomap,7
4.515971799999534,Windows,1,swiss_roll,1778,1000,100,Isomap,7
4.549192099999345,Windows,1,swiss_roll,1778,1000,100,Isomap,7
4.642401799999789,Windows,1,swiss_roll,1778,1000,100,Isomap,7
4.634609700002329,Windows,1,swiss_roll,1778,1000,100,Isomap,7
4.60564499999964,Windows,1,swiss_roll,1778,1000,100,Isomap,7
4.2998883000000205,Windows,1,swiss_roll,1778,1000,100,Isomap,7
4.306724400001258,Windows,1,swiss_roll,1778,1000,100,Isomap,7
4.333665199999814,Windows,1,swiss_roll,1778,1000,100,Isomap,7
4.29289609999978,Windows,1,swiss_roll,1778,1000,100,Isomap,7
4.27870299999995,Windows,1,swiss_roll,1778,1000,100,Isomap,7
4.269696800001839,Windows,1,swiss_roll,1778,1000,100,Isomap,7
4.3176776000000245,Windows,1,swiss_roll,1778,1000,100,Isomap,7
4.7906719999991765,Windows,1,swiss_roll,3162,1000,100,Isomap,7
4.6838723000000755,Windows,1,swiss_roll,3162,1000,100,Isomap,7
4.605374099999608,Windows,1,swiss_roll,3162,1000,100,Isomap,7
4.609159299998282,Windows,1,swiss_roll,3162,1000,100,Isomap,7
4.855592800002341,Windows,1,swiss_roll,3162,1000,100,Isomap,7
4.6388850000003,Windows,1,swiss_roll,3162,1000,100,Isomap,7
4.638205799998104,Windows,1,swiss_roll,3162,1000,100,Isomap,7
4.725601199999801,Windows,1,swiss_roll,3162,1000,100,Isomap,7
4.661807999997109,Windows,1,swiss_roll,3162,1000,100,Isomap,7
4.651350500000262,Windows,1,swiss_roll,3162,1000,100,Isomap,7
4.67372400000022,Windows,1,swiss_roll,3162,1000,100,Isomap,7
4.675871999999799,Windows,1,swiss_roll,3162,1000,100,Isomap,7
4.833625499999471,Windows,1,swiss_roll,3162,1000,100,Isomap,7
4.676496599997336,Windows,1,swiss_roll,3162,1000,100,Isomap,7
4.663872500001162,Windows,1,swiss_roll,3162,1000,100,Isomap,7
4.770888900002319,Windows,1,swiss_roll,3162,1000,100,Isomap,7
4.662559200001851,Windows,1,swiss_roll,3162,1000,100,Isomap,7
4.877815100000589,Windows,1,swiss_roll,3162,1000,100,Isomap,7
4.723824500000774,Windows,1,swiss_roll,3162,1000,100,Isomap,7
4.637411899999279,Windows,1,swiss_roll,3162,1000,100,Isomap,7
5.421974400000181,Windows,1,swiss_roll,5623,1000,100,Isomap,7
5.921556600002077,Windows,1,swiss_roll,5623,1000,100,Isomap,7
5.48360319999847,Windows,1,swiss_roll,5623,1000,100,Isomap,7
5.500119100001029,Windows,1,swiss_roll,5623,1000,100,Isomap,7
5.511472800000774,Windows,1,swiss_roll,5623,1000,100,Isomap,7
5.561762999997882,Windows,1,swiss_roll,5623,1000,100,Isomap,7
5.548795300001075,Windows,1,swiss_roll,5623,1000,100,Isomap,7
5.626819199998863,Windows,1,swiss_roll,5623,1000,100,Isomap,7
5.566760300000169,Windows,1,swiss_roll,5623,1000,100,Isomap,7
5.464335200002097,Windows,1,swiss_roll,5623,1000,100,Isomap,7
5.61551750000217,Windows,1,swiss_roll,5623,1000,100,Isomap,7
5.545920199998363,Windows,1,swiss_roll,5623,1000,100,Isomap,7
5.639180800000759,Windows,1,swiss_roll,5623,1000,100,Isomap,7
5.7150129999972705,Windows,1,swiss_roll,5623,1000,100,Isomap,7
5.636148300000059,Windows,1,swiss_roll,5623,1000,100,Isomap,7
5.736600100000942,Windows,1,swiss_roll,5623,1000,100,Isomap,7
5.7330360999985714,Windows,1,swiss_roll,5623,1000,100,Isomap,7
5.7014538000003085,Windows,1,swiss_roll,5623,1000,100,Isomap,7
5.59806430000026,Windows,1,swiss_roll,5623,1000,100,Isomap,7
5.620509299998957,Windows,1,swiss_roll,5623,1000,100,Isomap,7
7.520530599998892,Windows,1,swiss_roll,10000,1000,100,Isomap,7
7.385203199999523,Windows,1,swiss_roll,10000,1000,100,Isomap,7
7.253194699998858,Windows,1,swiss_roll,10000,1000,100,Isomap,7
7.460885000000417,Windows,1,swiss_roll,10000,1000,100,Isomap,7
7.780476399999316,Windows,1,swiss_roll,10000,1000,100,Isomap,7
7.268696200000704,Windows,1,swiss_roll,10000,1000,100,Isomap,7
7.512006199998723,Windows,1,swiss_roll,10000,1000,100,Isomap,7
7.406488799999352,Windows,1,swiss_roll,10000,1000,100,Isomap,7
7.4564422000003105,Windows,1,swiss_roll,10000,1000,100,Isomap,7
7.555841099998361,Windows,1,swiss_roll,10000,1000,100,Isomap,7
7.492089499999565,Windows,1,swiss_roll,10000,1000,100,Isomap,7
7.593972799997573,Windows,1,swiss_roll,10000,1000,100,Isomap,7
7.378831199999695,Windows,1,swiss_roll,10000,1000,100,Isomap,7
7.528314699997281,Windows,1,swiss_roll,10000,1000,100,Isomap,7
7.495069799999328,Windows,1,swiss_roll,10000,1000,100,Isomap,7
7.543612699999358,Windows,1,swiss_roll,10000,1000,100,Isomap,7
7.274633999997604,Windows,1,swiss_roll,10000,1000,100,Isomap,7
7.343311299999186,Windows,1,swiss_roll,10000,1000,100,Isomap,7
7.55911869999909,Windows,1,swiss_roll,10000,1000,100,Isomap,7
7.388834099998348,Windows,1,swiss_roll,10000,1000,100,Isomap,7
11.658154700002342,Windows,1,swiss_roll,17783,1000,100,Isomap,7
11.578265000000101,Windows,1,swiss_roll,17783,1000,100,Isomap,7
11.507383799998934,Windows,1,swiss_roll,17783,1000,100,Isomap,7
11.499073800001497,Windows,1,swiss_roll,17783,1000,100,Isomap,7
11.885674799999833,Windows,1,swiss_roll,17783,1000,100,Isomap,7
11.571291399999609,Windows,1,swiss_roll,17783,1000,100,Isomap,7
11.955996000000596,Windows,1,swiss_roll,17783,1000,100,Isomap,7
11.608390299999883,Windows,1,swiss_roll,17783,1000,100,Isomap,7
12.073205400000006,Windows,1,swiss_roll,17783,1000,100,Isomap,7
11.851582899998903,Windows,1,swiss_roll,17783,1000,100,Isomap,7
11.716407799998706,Windows,1,swiss_roll,17783,1000,100,Isomap,7
11.886927899999137,Windows,1,swiss_roll,17783,1000,100,Isomap,7
11.847627099999954,Windows,1,swiss_roll,17783,1000,100,Isomap,7
11.542683799998485,Windows,1,swiss_roll,17783,1000,100,Isomap,7
11.379898099999991,Windows,1,swiss_roll,17783,1000,100,Isomap,7
11.872551600001316,Windows,1,swiss_roll,17783,1000,100,Isomap,7
11.835227500003384,Windows,1,swiss_roll,17783,1000,100,Isomap,7
12.499399899999844,Windows,1,swiss_roll,17783,1000,100,Isomap,7
11.861310599997523,Windows,1,swiss_roll,17783,1000,100,Isomap,7
11.819684900001448,Windows,1,swiss_roll,17783,1000,100,Isomap,7
12.568835699999909,Windows,1,swiss_roll,31623,1000,100,Isomap,7
12.875127200000861,Windows,1,swiss_roll,31623,1000,100,Isomap,7
12.610057300000335,Windows,1,swiss_roll,31623,1000,100,Isomap,7
12.799932999998418,Windows,1,swiss_roll,31623,1000,100,Isomap,7
12.458725399999821,Windows,1,swiss_roll,31623,1000,100,Isomap,7
12.90461729999879,Windows,1,swiss_roll,31623,1000,100,Isomap,7
12.728255899997748,Windows,1,swiss_roll,31623,1000,100,Isomap,7
12.181377700002486,Windows,1,swiss_roll,31623,1000,100,Isomap,7
12.450745599999209,Windows,1,swiss_roll,31623,1000,100,Isomap,7
12.613076100002218,Windows,1,swiss_roll,31623,1000,100,Isomap,7
12.566332399997918,Windows,1,swiss_roll,31623,1000,100,Isomap,7
12.74606440000207,Windows,1,swiss_roll,31623,1000,100,Isomap,7
12.835976700000174,Windows,1,swiss_roll,31623,1000,100,Isomap,7
12.831771000001027,Windows,1,swiss_roll,31623,1000,100,Isomap,7
12.775274600000557,Windows,1,swiss_roll,31623,1000,100,Isomap,7
12.444995600002585,Windows,1,swiss_roll,31623,1000,100,Isomap,7
12.714950300000055,Windows,1,swiss_roll,31623,1000,100,Isomap,7
13.080491299999267,Windows,1,swiss_roll,31623,1000,100,Isomap,7
12.696062300001358,Windows,1,swiss_roll,31623,1000,100,Isomap,7
12.57864139999947,Windows,1,swiss_roll,31623,1000,100,Isomap,7
14.129244199997629,Windows,1,swiss_roll,56234,1000,100,Isomap,7
14.00289469999916,Windows,1,swiss_roll,56234,1000,100,Isomap,7
13.567260400002851,Windows,1,swiss_roll,56234,1000,100,Isomap,7
13.543744600003265,Windows,1,swiss_roll,56234,1000,100,Isomap,7
14.369594499999948,Windows,1,swiss_roll,56234,1000,100,Isomap,7
13.819013599997561,Windows,1,swiss_roll,56234,1000,100,Isomap,7
13.88269670000227,Windows,1,swiss_roll,56234,1000,100,Isomap,7
14.615660700001172,Windows,1,swiss_roll,56234,1000,100,Isomap,7
13.802569500003301,Windows,1,swiss_roll,56234,1000,100,Isomap,7
14.00394569999844,Windows,1,swiss_roll,56234,1000,100,Isomap,7
14.48651450000034,Windows,1,swiss_roll,56234,1000,100,Isomap,7
13.613749199997983,Windows,1,swiss_roll,56234,1000,100,Isomap,7
14.127856099999917,Windows,1,swiss_roll,56234,1000,100,Isomap,7
14.098879600001965,Windows,1,swiss_roll,56234,1000,100,Isomap,7
13.761031599999114,Windows,1,swiss_roll,56234,1000,100,Isomap,7
13.784146899997722,Windows,1,swiss_roll,56234,1000,100,Isomap,7
13.378151500000968,Windows,1,swiss_roll,56234,1000,100,Isomap,7
13.494344399998226,Windows,1,swiss_roll,56234,1000,100,Isomap,7
13.645639300000767,Windows,1,swiss_roll,56234,1000,100,Isomap,7
13.439821200001461,Windows,1,swiss_roll,56234,1000,100,Isomap,7
17.302072300000873,Windows,1,swiss_roll,100000,1000,100,Isomap,7
17.516944399998465,Windows,1,swiss_roll,100000,1000,100,Isomap,7
16.97977809999793,Windows,1,swiss_roll,100000,1000,100,Isomap,7
16.984082599999965,Windows,1,swiss_roll,100000,1000,100,Isomap,7
17.17818199999965,Windows,1,swiss_roll,100000,1000,100,Isomap,7
16.426606699998956,Windows,1,swiss_roll,100000,1000,100,Isomap,7
16.571062099999835,Windows,1,swiss_roll,100000,1000,100,Isomap,7
17.393151100000978,Windows,1,swiss_roll,100000,1000,100,Isomap,7
17.376381000001857,Windows,1,swiss_roll,100000,1000,100,Isomap,7
17.248537999999826,Windows,1,swiss_roll,100000,1000,100,Isomap,7
16.85767190000115,Windows,1,swiss_roll,100000,1000,100,Isomap,7
17.627616499998112,Windows,1,swiss_roll,100000,1000,100,Isomap,7
17.71434009999939,Windows,1,swiss_roll,100000,1000,100,Isomap,7
17.441427800000383,Windows,1,swiss_roll,100000,1000,100,Isomap,7
17.042490299998462,Windows,1,swiss_roll,100000,1000,100,Isomap,7
17.213083099999494,Windows,1,swiss_roll,100000,1000,100,Isomap,7
17.34572759999719,Windows,1,swiss_roll,100000,1000,100,Isomap,7
17.209628299999167,Windows,1,swiss_roll,100000,1000,100,Isomap,7
18.019291200002044,Windows,1,swiss_roll,100000,1000,100,Isomap,7
16.6048652999998,Windows,1,swiss_roll,100000,1000,100,Isomap,7
24.170066200000292,Windows,1,swiss_roll,177828,1000,100,Isomap,7
24.194620200003556,Windows,1,swiss_roll,177828,1000,100,Isomap,7
24.40660960000241,Windows,1,swiss_roll,177828,1000,100,Isomap,7
24.746467000004486,Windows,1,swiss_roll,177828,1000,100,Isomap,7
24.343166999999085,Windows,1,swiss_roll,177828,1000,100,Isomap,7
23.251944099996763,Windows,1,swiss_roll,177828,1000,100,Isomap,7
24.850392699998338,Windows,1,swiss_roll,177828,1000,100,Isomap,7
24.980530500004534,Windows,1,swiss_roll,177828,1000,100,Isomap,7
23.454425200005062,Windows,1,swiss_roll,177828,1000,100,Isomap,7
24.075653100000636,Windows,1,swiss_roll,177828,1000,100,Isomap,7
23.75186310000572,Windows,1,swiss_roll,177828,1000,100,Isomap,7
24.627420700002403,Windows,1,swiss_roll,177828,1000,100,Isomap,7
23.99589769999875,Windows,1,swiss_roll,177828,1000,100,Isomap,7
25.275255599997763,Windows,1,swiss_roll,177828,1000,100,Isomap,7
24.259913800000504,Windows,1,swiss_roll,177828,1000,100,Isomap,7
23.738595599999826,Windows,1,swiss_roll,177828,1000,100,Isomap,7
23.71561010000005,Windows,1,swiss_roll,177828,1000,100,Isomap,7
25.12632979999762,Windows,1,swiss_roll,177828,1000,100,Isomap,7
24.85997589999897,Windows,1,swiss_roll,177828,1000,100,Isomap,7
24.401575600000797,Windows,1,swiss_roll,177828,1000,100,Isomap,7
36.016210100002354,Windows,1,swiss_roll,316228,1000,100,Isomap,7
37.328802399999404,Windows,1,swiss_roll,316228,1000,100,Isomap,7
36.96279140000115,Windows,1,swiss_roll,316228,1000,100,Isomap,7
37.64536979999684,Windows,1,swiss_roll,316228,1000,100,Isomap,7
37.35776550000446,Windows,1,swiss_roll,316228,1000,100,Isomap,7
37.62989889999881,Windows,1,swiss_roll,316228,1000,100,Isomap,7
35.55505670000275,Windows,1,swiss_roll,316228,1000,100,Isomap,7
38.38885039999877,Windows,1,swiss_roll,316228,1000,100,Isomap,7
37.14718390000053,Windows,1,swiss_roll,316228,1000,100,Isomap,7
36.08209530000022,Windows,1,swiss_roll,316228,1000,100,Isomap,7
37.16336930000398,Windows,1,swiss_roll,316228,1000,100,Isomap,7
38.41877360000217,Windows,1,swiss_roll,316228,1000,100,Isomap,7
38.74811160000536,Windows,1,swiss_roll,316228,1000,100,Isomap,7
37.019757000001846,Windows,1,swiss_roll,316228,1000,100,Isomap,7
36.236744399997406,Windows,1,swiss_roll,316228,1000,100,Isomap,7
36.94467520000035,Windows,1,swiss_roll,316228,1000,100,Isomap,7
37.00185179999971,Windows,1,swiss_roll,316228,1000,100,Isomap,7
36.842830100002175,Windows,1,swiss_roll,316228,1000,100,Isomap,7
36.68944039999769,Windows,1,swiss_roll,316228,1000,100,Isomap,7
35.32825109999976,Windows,1,swiss_roll,316228,1000,100,Isomap,7
60.29403640000237,Windows,1,swiss_roll,562341,1000,100,Isomap,7
60.14976100000058,Windows,1,swiss_roll,562341,1000,100,Isomap,7
59.040822599999956,Windows,1,swiss_roll,562341,1000,100,Isomap,7
60.4360100000049,Windows,1,swiss_roll,562341,1000,100,Isomap,7
58.77541709999787,Windows,1,swiss_roll,562341,1000,100,Isomap,7
60.267467400000896,Windows,1,swiss_roll,562341,1000,100,Isomap,7
57.707070999997086,Windows,1,swiss_roll,562341,1000,100,Isomap,7
59.705955799996445,Windows,1,swiss_roll,562341,1000,100,Isomap,7
61.78248120000353,Windows,1,swiss_roll,562341,1000,100,Isomap,7
59.94332069999655,Windows,1,swiss_roll,562341,1000,100,Isomap,7
56.72845830000006,Windows,1,swiss_roll,562341,1000,100,Isomap,7
58.50357040000381,Windows,1,swiss_roll,562341,1000,100,Isomap,7
61.07967629999621,Windows,1,swiss_roll,562341,1000,100,Isomap,7
57.18958840000414,Windows,1,swiss_roll,562341,1000,100,Isomap,7
55.328351099997235,Windows,1,swiss_roll,562341,1000,100,Isomap,7
60.82883469999797,Windows,1,swiss_roll,562341,1000,100,Isomap,7
58.929421300003014,Windows,1,swiss_roll,562341,1000,100,Isomap,7
58.72663199999806,Windows,1,swiss_roll,562341,1000,100,Isomap,7
58.61674070000299,Windows,1,swiss_roll,562341,1000,100,Isomap,7
54.39067490000161,Windows,1,swiss_roll,562341,1000,100,Isomap,7
101.717748199997,Windows,1,swiss_roll,1000000,1000,100,Isomap,7
101.24075789999915,Windows,1,swiss_roll,1000000,1000,100,Isomap,7
99.10376499999984,Windows,1,swiss_roll,1000000,1000,100,Isomap,7
100.86635879999812,Windows,1,swiss_roll,1000000,1000,100,Isomap,7
99.47107569999935,Windows,1,swiss_roll,1000000,1000,100,Isomap,7
97.40437600000587,Windows,1,swiss_roll,1000000,1000,100,Isomap,7
95.938192600006,Windows,1,swiss_roll,1000000,1000,100,Isomap,7
100.42614360000152,Windows,1,swiss_roll,1000000,1000,100,Isomap,7
96.67447479999828,Windows,1,swiss_roll,1000000,1000,100,Isomap,7
99.84735279999586,Windows,1,swiss_roll,1000000,1000,100,Isomap,7
101.94405089999782,Windows,1,swiss_roll,1000000,1000,100,Isomap,7
102.70487560000038,Windows,1,swiss_roll,1000000,1000,100,Isomap,7
101.2009532000011,Windows,1,swiss_roll,1000000,1000,100,Isomap,7
100.17189759999746,Windows,1,swiss_roll,1000000,1000,100,Isomap,7
100.85890880000079,Windows,1,swiss_roll,1000000,1000,100,Isomap,7
97.54864789999556,Windows,1,swiss_roll,1000000,1000,100,Isomap,7
93.87322850000055,Windows,1,swiss_roll,1000000,1000,100,Isomap,7
100.09623990000546,Windows,1,swiss_roll,1000000,1000,100,Isomap,7
99.10935090000567,Windows,1,swiss_roll,1000000,1000,100,Isomap,7
100.73881869999605,Windows,1,swiss_roll,1000000,1000,100,Isomap,7
0.2933109000005061,Windows,1,swiss_roll,1000,3162,100,Isomap,10
0.328540399998019,Windows,1,swiss_roll,1000,3162,100,Isomap,10
0.3020055000015418,Windows,1,swiss_roll,1000,3162,100,Isomap,10
0.29487950000475394,Windows,1,swiss_roll,1000,3162,100,Isomap,10
0.30176229999779025,Windows,1,swiss_roll,1000,3162,100,Isomap,10
0.2945828000010806,Windows,1,swiss_roll,1000,3162,100,Isomap,10
0.2988264000014169,Windows,1,swiss_roll,1000,3162,100,Isomap,10
0.2964321999970707,Windows,1,swiss_roll,1000,3162,100,Isomap,10
0.29773130000103265,Windows,1,swiss_roll,1000,3162,100,Isomap,10
0.2974439000026905,Windows,1,swiss_roll,1000,3162,100,Isomap,10
0.29718879999563796,Windows,1,swiss_roll,1000,3162,100,Isomap,10
0.2969410000005155,Windows,1,swiss_roll,1000,3162,100,Isomap,10
0.2981223000024329,Windows,1,swiss_roll,1000,3162,100,Isomap,10
0.2987734999987879,Windows,1,swiss_roll,1000,3162,100,Isomap,10
0.29580320000241045,Windows,1,swiss_roll,1000,3162,100,Isomap,10
0.2975319999968633,Windows,1,swiss_roll,1000,3162,100,Isomap,10
0.2951744999954826,Windows,1,swiss_roll,1000,3162,100,Isomap,10
0.297508800002106,Windows,1,swiss_roll,1000,3162,100,Isomap,10
0.2956361999968067,Windows,1,swiss_roll,1000,3162,100,Isomap,10
0.302778400000534,Windows,1,swiss_roll,1000,3162,100,Isomap,10
1.0409246999988682,Windows,1,swiss_roll,1778,3162,100,Isomap,10
1.044086599998991,Windows,1,swiss_roll,1778,3162,100,Isomap,10
1.058665500000643,Windows,1,swiss_roll,1778,3162,100,Isomap,10
1.0533132000055048,Windows,1,swiss_roll,1778,3162,100,Isomap,10
1.0577120999951148,Windows,1,swiss_roll,1778,3162,100,Isomap,10
1.0607029000020702,Windows,1,swiss_roll,1778,3162,100,Isomap,10
1.0623626000015065,Windows,1,swiss_roll,1778,3162,100,Isomap,10
1.0508554999978514,Windows,1,swiss_roll,1778,3162,100,Isomap,10
1.0543140000008862,Windows,1,swiss_roll,1778,3162,100,Isomap,10
1.058404099996551,Windows,1,swiss_roll,1778,3162,100,Isomap,10
1.0593617999984417,Windows,1,swiss_roll,1778,3162,100,Isomap,10
1.0530616999967606,Windows,1,swiss_roll,1778,3162,100,Isomap,10
1.0517622999977903,Windows,1,swiss_roll,1778,3162,100,Isomap,10
1.0499713999961386,Windows,1,swiss_roll,1778,3162,100,Isomap,10
1.05691040000238,Windows,1,swiss_roll,1778,3162,100,Isomap,10
1.0531038000044646,Windows,1,swiss_roll,1778,3162,100,Isomap,10
1.0543333999958122,Windows,1,swiss_roll,1778,3162,100,Isomap,10
1.0515061000041896,Windows,1,swiss_roll,1778,3162,100,Isomap,10
1.0501985000009881,Windows,1,swiss_roll,1778,3162,100,Isomap,10
1.0873205000025337,Windows,1,swiss_roll,1778,3162,100,Isomap,10
3.4167525000011665,Windows,1,swiss_roll,3162,3162,100,Isomap,10
3.358840799999598,Windows,1,swiss_roll,3162,3162,100,Isomap,10
3.3594659000009415,Windows,1,swiss_roll,3162,3162,100,Isomap,10
3.9148138999953517,Windows,1,swiss_roll,3162,3162,100,Isomap,10
3.548491700006707,Windows,1,swiss_roll,3162,3162,100,Isomap,10
3.5381748999934644,Windows,1,swiss_roll,3162,3162,100,Isomap,10
3.51508130000002,Windows,1,swiss_roll,3162,3162,100,Isomap,10
3.5147332000051392,Windows,1,swiss_roll,3162,3162,100,Isomap,10
3.5061181999990367,Windows,1,swiss_roll,3162,3162,100,Isomap,10
3.488234399999783,Windows,1,swiss_roll,3162,3162,100,Isomap,10
3.472360799998569,Windows,1,swiss_roll,3162,3162,100,Isomap,10
3.4887019000016153,Windows,1,swiss_roll,3162,3162,100,Isomap,10
3.490189800002554,Windows,1,swiss_roll,3162,3162,100,Isomap,10
3.4982927000019117,Windows,1,swiss_roll,3162,3162,100,Isomap,10
3.4665569999997388,Windows,1,swiss_roll,3162,3162,100,Isomap,10
3.5186117999983253,Windows,1,swiss_roll,3162,3162,100,Isomap,10
3.4881023000052664,Windows,1,swiss_roll,3162,3162,100,Isomap,10
3.478620999994746,Windows,1,swiss_roll,3162,3162,100,Isomap,10
3.4932565999988583,Windows,1,swiss_roll,3162,3162,100,Isomap,10
3.5056907999969553,Windows,1,swiss_roll,3162,3162,100,Isomap,10
9.723835000004328,Windows,1,swiss_roll,5623,3162,100,Isomap,10
9.59896419999859,Windows,1,swiss_roll,5623,3162,100,Isomap,10
9.628662600000098,Windows,1,swiss_roll,5623,3162,100,Isomap,10
9.640028800000437,Windows,1,swiss_roll,5623,3162,100,Isomap,10
9.520219199999701,Windows,1,swiss_roll,5623,3162,100,Isomap,10
9.56867329999659,Windows,1,swiss_roll,5623,3162,100,Isomap,10
9.615073399996618,Windows,1,swiss_roll,5623,3162,100,Isomap,10
9.6598690000028,Windows,1,swiss_roll,5623,3162,100,Isomap,10
9.63707639999484,Windows,1,swiss_roll,5623,3162,100,Isomap,10
9.696402399997169,Windows,1,swiss_roll,5623,3162,100,Isomap,10
9.389464599997154,Windows,1,swiss_roll,5623,3162,100,Isomap,10
9.252672399998119,Windows,1,swiss_roll,5623,3162,100,Isomap,10
9.395529900000838,Windows,1,swiss_roll,5623,3162,100,Isomap,10
9.331094100001792,Windows,1,swiss_roll,5623,3162,100,Isomap,10
9.232529000000795,Windows,1,swiss_roll,5623,3162,100,Isomap,10
9.323277899995446,Windows,1,swiss_roll,5623,3162,100,Isomap,10
9.306416600004013,Windows,1,swiss_roll,5623,3162,100,Isomap,10
9.133343699999386,Windows,1,swiss_roll,5623,3162,100,Isomap,10
9.110598899998877,Windows,1,swiss_roll,5623,3162,100,Isomap,10
9.107774000003701,Windows,1,swiss_roll,5623,3162,100,Isomap,10
9.60828870000114,Windows,1,swiss_roll,10000,3162,100,Isomap,10
9.536878599996271,Windows,1,swiss_roll,10000,3162,100,Isomap,10
9.447325399996771,Windows,1,swiss_roll,10000,3162,100,Isomap,10
9.545168500000727,Windows,1,swiss_roll,10000,3162,100,Isomap,10
9.4899837999983,Windows,1,swiss_roll,10000,3162,100,Isomap,10
9.449460499999986,Windows,1,swiss_roll,10000,3162,100,Isomap,10
9.513577300000179,Windows,1,swiss_roll,10000,3162,100,Isomap,10
9.508047999996052,Windows,1,swiss_roll,10000,3162,100,Isomap,10
9.42556290000357,Windows,1,swiss_roll,10000,3162,100,Isomap,10
9.512740700003633,Windows,1,swiss_roll,10000,3162,100,Isomap,10
9.4597047999996,Windows,1,swiss_roll,10000,3162,100,Isomap,10
9.519939499994507,Windows,1,swiss_roll,10000,3162,100,Isomap,10
9.378053600004932,Windows,1,swiss_roll,10000,3162,100,Isomap,10
9.547545200002787,Windows,1,swiss_roll,10000,3162,100,Isomap,10
9.453411599999527,Windows,1,swiss_roll,10000,3162,100,Isomap,10
9.415545900003053,Windows,1,swiss_roll,10000,3162,100,Isomap,10
9.554929300000367,Windows,1,swiss_roll,10000,3162,100,Isomap,10
9.488012800000433,Windows,1,swiss_roll,10000,3162,100,Isomap,10
9.45618669999385,Windows,1,swiss_roll,10000,3162,100,Isomap,10
9.506866800002172,Windows,1,swiss_roll,10000,3162,100,Isomap,10
11.47567230000277,Windows,1,swiss_roll,17783,3162,100,Isomap,10
11.486088399993605,Windows,1,swiss_roll,17783,3162,100,Isomap,10
11.374743899999885,Windows,1,swiss_roll,17783,3162,100,Isomap,10
11.34315329999663,Windows,1,swiss_roll,17783,3162,100,Isomap,10
11.342983400005323,Windows,1,swiss_roll,17783,3162,100,Isomap,10
11.359872999993968,Windows,1,swiss_roll,17783,3162,100,Isomap,10
11.523861199995736,Windows,1,swiss_roll,17783,3162,100,Isomap,10
11.364782000004197,Windows,1,swiss_roll,17783,3162,100,Isomap,10
11.359671400001389,Windows,1,swiss_roll,17783,3162,100,Isomap,10
11.317485699997633,Windows,1,swiss_roll,17783,3162,100,Isomap,10
11.35947319999832,Windows,1,swiss_roll,17783,3162,100,Isomap,10
11.453229799997644,Windows,1,swiss_roll,17783,3162,100,Isomap,10
11.37608220000402,Windows,1,swiss_roll,17783,3162,100,Isomap,10
11.400431499998376,Windows,1,swiss_roll,17783,3162,100,Isomap,10
11.480808400003298,Windows,1,swiss_roll,17783,3162,100,Isomap,10
11.390294100005121,Windows,1,swiss_roll,17783,3162,100,Isomap,10
11.323936400003731,Windows,1,swiss_roll,17783,3162,100,Isomap,10
11.362835399995674,Windows,1,swiss_roll,17783,3162,100,Isomap,10
11.281899300003715,Windows,1,swiss_roll,17783,3162,100,Isomap,10
11.344618700000865,Windows,1,swiss_roll,17783,3162,100,Isomap,10
13.748896800003422,Windows,1,swiss_roll,31623,3162,100,Isomap,10
13.65913339999679,Windows,1,swiss_roll,31623,3162,100,Isomap,10
14.249695099999371,Windows,1,swiss_roll,31623,3162,100,Isomap,10
13.689037299998745,Windows,1,swiss_roll,31623,3162,100,Isomap,10
13.807779099995969,Windows,1,swiss_roll,31623,3162,100,Isomap,10
13.71711299999879,Windows,1,swiss_roll,31623,3162,100,Isomap,10
13.738351299994974,Windows,1,swiss_roll,31623,3162,100,Isomap,10
13.698225600004662,Windows,1,swiss_roll,31623,3162,100,Isomap,10
13.561199600000691,Windows,1,swiss_roll,31623,3162,100,Isomap,10
13.645917999994708,Windows,1,swiss_roll,31623,3162,100,Isomap,10
13.800692500000878,Windows,1,swiss_roll,31623,3162,100,Isomap,10
13.947671399997489,Windows,1,swiss_roll,31623,3162,100,Isomap,10
13.736465800000587,Windows,1,swiss_roll,31623,3162,100,Isomap,10
14.057502799994836,Windows,1,swiss_roll,31623,3162,100,Isomap,10
14.685242400002608,Windows,1,swiss_roll,31623,3162,100,Isomap,10
15.611020199998165,Windows,1,swiss_roll,31623,3162,100,Isomap,10
15.159133900000597,Windows,1,swiss_roll,31623,3162,100,Isomap,10
14.953065599998808,Windows,1,swiss_roll,31623,3162,100,Isomap,10
14.01170909999928,Windows,1,swiss_roll,31623,3162,100,Isomap,10
15.279240799995023,Windows,1,swiss_roll,31623,3162,100,Isomap,10
23.29712930000096,Windows,1,swiss_roll,56234,3162,100,Isomap,10
22.73073320000549,Windows,1,swiss_roll,56234,3162,100,Isomap,10
22.163132900001074,Windows,1,swiss_roll,56234,3162,100,Isomap,10
21.74531059999572,Windows,1,swiss_roll,56234,3162,100,Isomap,10
22.99647570000525,Windows,1,swiss_roll,56234,3162,100,Isomap,10
21.95094579999568,Windows,1,swiss_roll,56234,3162,100,Isomap,10
22.457604100003664,Windows,1,swiss_roll,56234,3162,100,Isomap,10
21.3283964000002,Windows,1,swiss_roll,56234,3162,100,Isomap,10
20.98892049999995,Windows,1,swiss_roll,56234,3162,100,Isomap,10
21.005604600002698,Windows,1,swiss_roll,56234,3162,100,Isomap,10
20.907007100002375,Windows,1,swiss_roll,56234,3162,100,Isomap,10
21.127590999996755,Windows,1,swiss_roll,56234,3162,100,Isomap,10
20.889548700004525,Windows,1,swiss_roll,56234,3162,100,Isomap,10
20.885256499997922,Windows,1,swiss_roll,56234,3162,100,Isomap,10
20.959943000001658,Windows,1,swiss_roll,56234,3162,100,Isomap,10
21.077890799999295,Windows,1,swiss_roll,56234,3162,100,Isomap,10
20.9356970000008,Windows,1,swiss_roll,56234,3162,100,Isomap,10
20.967325300000084,Windows,1,swiss_roll,56234,3162,100,Isomap,10
21.245550699997693,Windows,1,swiss_roll,56234,3162,100,Isomap,10
21.83221649999905,Windows,1,swiss_roll,56234,3162,100,Isomap,10
52.05677370000194,Windows,1,swiss_roll,100000,3162,100,Isomap,10
29.211658300002455,Windows,1,swiss_roll,100000,3162,100,Isomap,10
26.773479000003135,Windows,1,swiss_roll,100000,3162,100,Isomap,10
26.156553699998767,Windows,1,swiss_roll,100000,3162,100,Isomap,10
26.759592900001735,Windows,1,swiss_roll,100000,3162,100,Isomap,10
26.897060100003728,Windows,1,swiss_roll,100000,3162,100,Isomap,10
28.467879299998458,Windows,1,swiss_roll,100000,3162,100,Isomap,10
26.550178000004962,Windows,1,swiss_roll,100000,3162,100,Isomap,10
26.661483999996562,Windows,1,swiss_roll,100000,3162,100,Isomap,10
26.79940020000504,Windows,1,swiss_roll,100000,3162,100,Isomap,10
27.788685700004862,Windows,1,swiss_roll,100000,3162,100,Isomap,10
28.50956280000537,Windows,1,swiss_roll,100000,3162,100,Isomap,10
27.86800210000365,Windows,1,swiss_roll,100000,3162,100,Isomap,10
27.602191799996945,Windows,1,swiss_roll,100000,3162,100,Isomap,10
27.462380500001018,Windows,1,swiss_roll,100000,3162,100,Isomap,10
27.55860369999573,Windows,1,swiss_roll,100000,3162,100,Isomap,10
27.31487719999859,Windows,1,swiss_roll,100000,3162,100,Isomap,10
27.55102739999711,Windows,1,swiss_roll,100000,3162,100,Isomap,10
27.19891639999696,Windows,1,swiss_roll,100000,3162,100,Isomap,10
27.81407549999858,Windows,1,swiss_roll,100000,3162,100,Isomap,10
38.301349699999264,Windows,1,swiss_roll,177828,3162,100,Isomap,10
38.188495800000965,Windows,1,swiss_roll,177828,3162,100,Isomap,10
37.61271459999989,Windows,1,swiss_roll,177828,3162,100,Isomap,10
37.562844599997334,Windows,1,swiss_roll,177828,3162,100,Isomap,10
37.941711600004055,Windows,1,swiss_roll,177828,3162,100,Isomap,10
38.03590890000487,Windows,1,swiss_roll,177828,3162,100,Isomap,10
37.87803929999791,Windows,1,swiss_roll,177828,3162,100,Isomap,10
37.72254840000096,Windows,1,swiss_roll,177828,3162,100,Isomap,10
38.186608299998625,Windows,1,swiss_roll,177828,3162,100,Isomap,10
37.94983679999859,Windows,1,swiss_roll,177828,3162,100,Isomap,10
38.023357499994745,Windows,1,swiss_roll,177828,3162,100,Isomap,10
38.267416100003175,Windows,1,swiss_roll,177828,3162,100,Isomap,10
37.98056789999828,Windows,1,swiss_roll,177828,3162,100,Isomap,10
38.34115559999918,Windows,1,swiss_roll,177828,3162,100,Isomap,10
38.488052900000184,Windows,1,swiss_roll,177828,3162,100,Isomap,10
38.72919909999473,Windows,1,swiss_roll,177828,3162,100,Isomap,10
38.01523420000012,Windows,1,swiss_roll,177828,3162,100,Isomap,10
38.393625800003065,Windows,1,swiss_roll,177828,3162,100,Isomap,10
37.93081240000174,Windows,1,swiss_roll,177828,3162,100,Isomap,10
37.793878100004804,Windows,1,swiss_roll,177828,3162,100,Isomap,10
57.222831200000655,Windows,1,swiss_roll,316228,3162,100,Isomap,10
57.28921529999934,Windows,1,swiss_roll,316228,3162,100,Isomap,10
57.10664479999832,Windows,1,swiss_roll,316228,3162,100,Isomap,10
57.08712879999803,Windows,1,swiss_roll,316228,3162,100,Isomap,10
58.17559479999909,Windows,1,swiss_roll,316228,3162,100,Isomap,10
57.712300699997286,Windows,1,swiss_roll,316228,3162,100,Isomap,10
57.4771197999944,Windows,1,swiss_roll,316228,3162,100,Isomap,10
57.26093089999631,Windows,1,swiss_roll,316228,3162,100,Isomap,10
56.919017299995176,Windows,1,swiss_roll,316228,3162,100,Isomap,10
57.76059749999695,Windows,1,swiss_roll,316228,3162,100,Isomap,10
57.08913799999573,Windows,1,swiss_roll,316228,3162,100,Isomap,10
57.32383619999746,Windows,1,swiss_roll,316228,3162,100,Isomap,10
57.004065699999046,Windows,1,swiss_roll,316228,3162,100,Isomap,10
57.79990689999977,Windows,1,swiss_roll,316228,3162,100,Isomap,10
57.53479369999695,Windows,1,swiss_roll,316228,3162,100,Isomap,10
58.13734969999496,Windows,1,swiss_roll,316228,3162,100,Isomap,10
57.80183549999492,Windows,1,swiss_roll,316228,3162,100,Isomap,10
57.277058300001954,Windows,1,swiss_roll,316228,3162,100,Isomap,10
57.36698489999981,Windows,1,swiss_roll,316228,3162,100,Isomap,10
57.09822730000451,Windows,1,swiss_roll,316228,3162,100,Isomap,10
91.58932900000218,Windows,1,swiss_roll,562341,3162,100,Isomap,10
92.3298577999958,Windows,1,swiss_roll,562341,3162,100,Isomap,10
92.29583139999886,Windows,1,swiss_roll,562341,3162,100,Isomap,10
92.6568130999949,Windows,1,swiss_roll,562341,3162,100,Isomap,10
91.90398589999677,Windows,1,swiss_roll,562341,3162,100,Isomap,10
91.73554510000395,Windows,1,swiss_roll,562341,3162,100,Isomap,10
91.02028699999937,Windows,1,swiss_roll,562341,3162,100,Isomap,10
92.03098090000276,Windows,1,swiss_roll,562341,3162,100,Isomap,10
91.88354399999662,Windows,1,swiss_roll,562341,3162,100,Isomap,10
92.1379214999979,Windows,1,swiss_roll,562341,3162,100,Isomap,10
91.9097613000049,Windows,1,swiss_roll,562341,3162,100,Isomap,10
91.47873889999755,Windows,1,swiss_roll,562341,3162,100,Isomap,10
92.10896729999513,Windows,1,swiss_roll,562341,3162,100,Isomap,10
91.49717180000152,Windows,1,swiss_roll,562341,3162,100,Isomap,10
92.11729919999925,Windows,1,swiss_roll,562341,3162,100,Isomap,10
92.08254870000383,Windows,1,swiss_roll,562341,3162,100,Isomap,10
91.82632659999945,Windows,1,swiss_roll,562341,3162,100,Isomap,10
93.12595779999538,Windows,1,swiss_roll,562341,3162,100,Isomap,10
92.20121779999317,Windows,1,swiss_roll,562341,3162,100,Isomap,10
92.09917370000039,Windows,1,swiss_roll,562341,3162,100,Isomap,10
152.67680269999983,Windows,1,swiss_roll,1000000,3162,100,Isomap,10
152.47861620000185,Windows,1,swiss_roll,1000000,3162,100,Isomap,10
152.39516269999876,Windows,1,swiss_roll,1000000,3162,100,Isomap,10
152.03583490000165,Windows,1,swiss_roll,1000000,3162,100,Isomap,10
152.2803972000038,Windows,1,swiss_roll,1000000,3162,100,Isomap,10
152.16564520000247,Windows,1,swiss_roll,1000000,3162,100,Isomap,10
152.5786497999943,Windows,1,swiss_roll,1000000,3162,100,Isomap,10
152.62145939999755,Windows,1,swiss_roll,1000000,3162,100,Isomap,10
152.19369439999718,Windows,1,swiss_roll,1000000,3162,100,Isomap,10
153.32420780000393,Windows,1,swiss_roll,1000000,3162,100,Isomap,10
151.4622320999988,Windows,1,swiss_roll,1000000,3162,100,Isomap,10
153.05884640000295,Windows,1,swiss_roll,1000000,3162,100,Isomap,10
152.62043149999954,Windows,1,swiss_roll,1000000,3162,100,Isomap,10
153.11266369999794,Windows,1,swiss_roll,1000000,3162,100,Isomap,10
153.3929094999985,Windows,1,swiss_roll,1000000,3162,100,Isomap,10
151.4981231000056,Windows,1,swiss_roll,1000000,3162,100,Isomap,10
152.4954648999992,Windows,1,swiss_roll,1000000,3162,100,Isomap,10
152.9594111999977,Windows,1,swiss_roll,1000000,3162,100,Isomap,10
152.4726687000002,Windows,1,swiss_roll,1000000,3162,100,Isomap,10
151.87885999999708,Windows,1,swiss_roll,1000000,3162,100,Isomap,10
0.3836393000019598,Windows,1,swiss_roll,1000,10000,100,Isomap,15
0.3868250000014086,Windows,1,swiss_roll,1000,10000,100,Isomap,15
0.3869101000018418,Windows,1,swiss_roll,1000,10000,100,Isomap,15
0.38656780000019353,Windows,1,swiss_roll,1000,10000,100,Isomap,15
0.38740140000300016,Windows,1,swiss_roll,1000,10000,100,Isomap,15
0.3882852999959141,Windows,1,swiss_roll,1000,10000,100,Isomap,15
0.3858075000025565,Windows,1,swiss_roll,1000,10000,100,Isomap,15
0.3795226000002003,Windows,1,swiss_roll,1000,10000,100,Isomap,15
0.39208959999814397,Windows,1,swiss_roll,1000,10000,100,Isomap,15
0.3870342000009259,Windows,1,swiss_roll,1000,10000,100,Isomap,15
0.38345429999753833,Windows,1,swiss_roll,1000,10000,100,Isomap,15
0.38609429999632994,Windows,1,swiss_roll,1000,10000,100,Isomap,15
0.38845600000058766,Windows,1,swiss_roll,1000,10000,100,Isomap,15
0.3817667999974219,Windows,1,swiss_roll,1000,10000,100,Isomap,15
0.38807960000121966,Windows,1,swiss_roll,1000,10000,100,Isomap,15
0.3865814999953727,Windows,1,swiss_roll,1000,10000,100,Isomap,15
0.3808414000013727,Windows,1,swiss_roll,1000,10000,100,Isomap,15
0.3880306999999448,Windows,1,swiss_roll,1000,10000,100,Isomap,15
0.3874073999977554,Windows,1,swiss_roll,1000,10000,100,Isomap,15
0.3849826000005123,Windows,1,swiss_roll,1000,10000,100,Isomap,15
1.2741036000006716,Windows,1,swiss_roll,1778,10000,100,Isomap,15
1.2577786000038031,Windows,1,swiss_roll,1778,10000,100,Isomap,15
1.2356473000036203,Windows,1,swiss_roll,1778,10000,100,Isomap,15
1.2522763999950257,Windows,1,swiss_roll,1778,10000,100,Isomap,15
1.2773615999976755,Windows,1,swiss_roll,1778,10000,100,Isomap,15
1.2436461000033887,Windows,1,swiss_roll,1778,10000,100,Isomap,15
1.2408644000024651,Windows,1,swiss_roll,1778,10000,100,Isomap,15
1.2357135000056587,Windows,1,swiss_roll,1778,10000,100,Isomap,15
1.2421093999946606,Windows,1,swiss_roll,1778,10000,100,Isomap,15
1.2389976999984356,Windows,1,swiss_roll,1778,10000,100,Isomap,15
1.237939099999494,Windows,1,swiss_roll,1778,10000,100,Isomap,15
1.2491293999992195,Windows,1,swiss_roll,1778,10000,100,Isomap,15
1.2441458999965107,Windows,1,swiss_roll,1778,10000,100,Isomap,15
1.2540106999949785,Windows,1,swiss_roll,1778,10000,100,Isomap,15
1.2263100999989547,Windows,1,swiss_roll,1778,10000,100,Isomap,15
1.2411998999959906,Windows,1,swiss_roll,1778,10000,100,Isomap,15
1.2690417999983765,Windows,1,swiss_roll,1778,10000,100,Isomap,15
1.2404173000031733,Windows,1,swiss_roll,1778,10000,100,Isomap,15
1.2429907999976422,Windows,1,swiss_roll,1778,10000,100,Isomap,15
1.2448538999960874,Windows,1,swiss_roll,1778,10000,100,Isomap,15
4.134500599997409,Windows,1,swiss_roll,3162,10000,100,Isomap,15
4.128740700005437,Windows,1,swiss_roll,3162,10000,100,Isomap,15
4.12730599999486,Windows,1,swiss_roll,3162,10000,100,Isomap,15
4.152731300004234,Windows,1,swiss_roll,3162,10000,100,Isomap,15
4.157471699996677,Windows,1,swiss_roll,3162,10000,100,Isomap,15
4.138986000005389,Windows,1,swiss_roll,3162,10000,100,Isomap,15
4.1429321999967215,Windows,1,swiss_roll,3162,10000,100,Isomap,15
4.088987500006624,Windows,1,swiss_roll,3162,10000,100,Isomap,15
4.1447687999971095,Windows,1,swiss_roll,3162,10000,100,Isomap,15
4.116894099999627,Windows,1,swiss_roll,3162,10000,100,Isomap,15
4.078725600003963,Windows,1,swiss_roll,3162,10000,100,Isomap,15
4.104866800000309,Windows,1,swiss_roll,3162,10000,100,Isomap,15
4.1166911000036635,Windows,1,swiss_roll,3162,10000,100,Isomap,15
4.085731200000737,Windows,1,swiss_roll,3162,10000,100,Isomap,15
4.112358699996548,Windows,1,swiss_roll,3162,10000,100,Isomap,15
4.105970799995703,Windows,1,swiss_roll,3162,10000,100,Isomap,15
4.113128899996809,Windows,1,swiss_roll,3162,10000,100,Isomap,15
4.133912599994801,Windows,1,swiss_roll,3162,10000,100,Isomap,15
4.107636599997932,Windows,1,swiss_roll,3162,10000,100,Isomap,15
4.128594499998144,Windows,1,swiss_roll,3162,10000,100,Isomap,15
13.498173900006805,Windows,1,swiss_roll,5623,10000,100,Isomap,15
13.45592089999991,Windows,1,swiss_roll,5623,10000,100,Isomap,15
13.43868410000141,Windows,1,swiss_roll,5623,10000,100,Isomap,15
13.390176600005361,Windows,1,swiss_roll,5623,10000,100,Isomap,15
13.44922840000072,Windows,1,swiss_roll,5623,10000,100,Isomap,15
13.416767399998207,Windows,1,swiss_roll,5623,10000,100,Isomap,15
13.409233600003063,Windows,1,swiss_roll,5623,10000,100,Isomap,15
13.306125100003555,Windows,1,swiss_roll,5623,10000,100,Isomap,15
13.273998100004974,Windows,1,swiss_roll,5623,10000,100,Isomap,15
13.447139100004279,Windows,1,swiss_roll,5623,10000,100,Isomap,15
13.384653300003265,Windows,1,swiss_roll,5623,10000,100,Isomap,15
13.319516399998975,Windows,1,swiss_roll,5623,10000,100,Isomap,15
13.405103199998848,Windows,1,swiss_roll,5623,10000,100,Isomap,15
13.404444899999362,Windows,1,swiss_roll,5623,10000,100,Isomap,15
13.501822800004447,Windows,1,swiss_roll,5623,10000,100,Isomap,15
13.434918600003584,Windows,1,swiss_roll,5623,10000,100,Isomap,15
13.487992599999416,Windows,1,swiss_roll,5623,10000,100,Isomap,15
13.475462000002153,Windows,1,swiss_roll,5623,10000,100,Isomap,15
13.35766980000335,Windows,1,swiss_roll,5623,10000,100,Isomap,15
13.330364900000859,Windows,1,swiss_roll,5623,10000,100,Isomap,15
44.71403460000147,Windows,1,swiss_roll,10000,10000,100,Isomap,15
44.300266199999896,Windows,1,swiss_roll,10000,10000,100,Isomap,15
44.78888569999981,Windows,1,swiss_roll,10000,10000,100,Isomap,15
44.24715529999958,Windows,1,swiss_roll,10000,10000,100,Isomap,15
44.13214290000178,Windows,1,swiss_roll,10000,10000,100,Isomap,15
44.26325839999481,Windows,1,swiss_roll,10000,10000,100,Isomap,15
44.544801399999415,Windows,1,swiss_roll,10000,10000,100,Isomap,15
44.50604900000326,Windows,1,swiss_roll,10000,10000,100,Isomap,15
44.313866399999824,Windows,1,swiss_roll,10000,10000,100,Isomap,15
44.18153490000259,Windows,1,swiss_roll,10000,10000,100,Isomap,15
44.269867499999236,Windows,1,swiss_roll,10000,10000,100,Isomap,15
44.164939800000866,Windows,1,swiss_roll,10000,10000,100,Isomap,15
43.87274400000024,Windows,1,swiss_roll,10000,10000,100,Isomap,15
43.956882600003155,Windows,1,swiss_roll,10000,10000,100,Isomap,15
43.79706260000239,Windows,1,swiss_roll,10000,10000,100,Isomap,15
44.17291600000317,Windows,1,swiss_roll,10000,10000,100,Isomap,15
44.91635220000171,Windows,1,swiss_roll,10000,10000,100,Isomap,15
44.76906880000024,Windows,1,swiss_roll,10000,10000,100,Isomap,15
44.90254889999778,Windows,1,swiss_roll,10000,10000,100,Isomap,15
44.73878960000002,Windows,1,swiss_roll,10000,10000,100,Isomap,15
75.88695860000007,Windows,1,swiss_roll,17783,10000,100,Isomap,15
75.74515219999739,Windows,1,swiss_roll,17783,10000,100,Isomap,15
74.73742169999605,Windows,1,swiss_roll,17783,10000,100,Isomap,15
74.72082249999949,Windows,1,swiss_roll,17783,10000,100,Isomap,15
74.88391740000225,Windows,1,swiss_roll,17783,10000,100,Isomap,15
74.6313794000016,Windows,1,swiss_roll,17783,10000,100,Isomap,15
74.81866110000556,Windows,1,swiss_roll,17783,10000,100,Isomap,15
74.81119600000238,Windows,1,swiss_roll,17783,10000,100,Isomap,15
74.73663759999909,Windows,1,swiss_roll,17783,10000,100,Isomap,15
74.87159450000036,Windows,1,swiss_roll,17783,10000,100,Isomap,15
74.90047459999914,Windows,1,swiss_roll,17783,10000,100,Isomap,15
74.82896130000154,Windows,1,swiss_roll,17783,10000,100,Isomap,15
74.50086060000467,Windows,1,swiss_roll,17783,10000,100,Isomap,15
74.91040390000126,Windows,1,swiss_roll,17783,10000,100,Isomap,15
74.80538040000101,Windows,1,swiss_roll,17783,10000,100,Isomap,15
74.86198039999726,Windows,1,swiss_roll,17783,10000,100,Isomap,15
74.50371269999596,Windows,1,swiss_roll,17783,10000,100,Isomap,15
74.58705249999912,Windows,1,swiss_roll,17783,10000,100,Isomap,15
74.43280329999834,Windows,1,swiss_roll,17783,10000,100,Isomap,15
74.31572150000284,Windows,1,swiss_roll,17783,10000,100,Isomap,15
76.02972969999973,Windows,1,swiss_roll,31623,10000,100,Isomap,15
75.67370059999666,Windows,1,swiss_roll,31623,10000,100,Isomap,15
74.58073239999794,Windows,1,swiss_roll,31623,10000,100,Isomap,15
75.32520069999737,Windows,1,swiss_roll,31623,10000,100,Isomap,15
74.47479170000588,Windows,1,swiss_roll,31623,10000,100,Isomap,15
74.04305499999464,Windows,1,swiss_roll,31623,10000,100,Isomap,15
75.0969513999953,Windows,1,swiss_roll,31623,10000,100,Isomap,15
74.12351399999898,Windows,1,swiss_roll,31623,10000,100,Isomap,15
74.09086090000346,Windows,1,swiss_roll,31623,10000,100,Isomap,15
74.34323959999892,Windows,1,swiss_roll,31623,10000,100,Isomap,15
77.44635829999606,Windows,1,swiss_roll,31623,10000,100,Isomap,15
75.40050189999602,Windows,1,swiss_roll,31623,10000,100,Isomap,15
75.16032399999676,Windows,1,swiss_roll,31623,10000,100,Isomap,15
74.85498409999855,Windows,1,swiss_roll,31623,10000,100,Isomap,15
76.0187064999991,Windows,1,swiss_roll,31623,10000,100,Isomap,15
74.54531799999677,Windows,1,swiss_roll,31623,10000,100,Isomap,15
74.67010440000013,Windows,1,swiss_roll,31623,10000,100,Isomap,15
74.73649459999433,Windows,1,swiss_roll,31623,10000,100,Isomap,15
75.02844379999442,Windows,1,swiss_roll,31623,10000,100,Isomap,15
74.58841060000123,Windows,1,swiss_roll,31623,10000,100,Isomap,15
177.4096888999993,Windows,1,swiss_roll,56234,10000,100,Isomap,15
195.53005829999893,Windows,1,swiss_roll,56234,10000,100,Isomap,15
188.5884103999997,Windows,1,swiss_roll,56234,10000,100,Isomap,15
192.06765550000273,Windows,1,swiss_roll,56234,10000,100,Isomap,15
201.04060169999866,Windows,1,swiss_roll,56234,10000,100,Isomap,15
431.56354379999993,Windows,1,swiss_roll,3162278,3162,100,Isomap,10
437.47307169999976,Windows,1,swiss_roll,3162278,3162,100,Isomap,10
433.50974350000024,Windows,1,swiss_roll,3162278,3162,100,Isomap,10
425.32259269999986,Windows,1,swiss_roll,3162278,3162,100,Isomap,10
433.42755279999983,Windows,1,swiss_roll,3162278,3162,100,Isomap,10
429.17894870000055,Windows,1,swiss_roll,3162278,3162,100,Isomap,10
430.33968879999975,Windows,1,swiss_roll,3162278,3162,100,Isomap,10
429.2920720000002,Windows,1,swiss_roll,3162278,3162,100,Isomap,10
429.10423869999977,Windows,1,swiss_roll,3162278,3162,100,Isomap,10
431.8091382999992,Windows,1,swiss_roll,3162278,3162,100,Isomap,10
439.09739549999995,Windows,1,swiss_roll,3162278,3162,100,Isomap,10
421.4288982999997,Windows,1,swiss_roll,3162278,3162,100,Isomap,10
429.5239638999992,Windows,1,swiss_roll,3162278,3162,100,Isomap,10
422.55945879999854,Windows,1,swiss_roll,3162278,3162,100,Isomap,10
428.29547840000123,Windows,1,swiss_roll,3162278,3162,100,Isomap,10
439.558361899999,Windows,1,swiss_roll,3162278,3162,100,Isomap,10
422.9046734000003,Windows,1,swiss_roll,3162278,3162,100,Isomap,10
420.9741978999991,Windows,1,swiss_roll,3162278,3162,100,Isomap,10
423.5789222000003,Windows,1,swiss_roll,3162278,3162,100,Isomap,10
429.3865168000011,Windows,1,swiss_roll,3162278,3162,100,Isomap,10
1315.2220197000006,Windows,1,swiss_roll,10000000,3162,100,Isomap,10
1310.4428249000011,Windows,1,swiss_roll,10000000,3162,100,Isomap,10
1328.3255427000004,Windows,1,swiss_roll,10000000,3162,100,Isomap,10
1313.3710943000005,Windows,1,swiss_roll,10000000,3162,100,Isomap,10
1314.5305890000018,Windows,1,swiss_roll,10000000,3162,100,Isomap,10
1317.3980564999983,Windows,1,swiss_roll,10000000,3162,100,Isomap,10
1307.7589297999984,Windows,1,swiss_roll,10000000,3162,100,Isomap,10
1317.6197305999995,Windows,1,swiss_roll,10000000,3162,100,Isomap,10
1312.7662218000005,Windows,1,swiss_roll,10000000,3162,100,Isomap,10
1311.7437739999987,Windows,1,swiss_roll,10000000,3162,100,Isomap,10
1315.9944928000004,Windows,1,swiss_roll,10000000,3162,100,Isomap,10
1318.2980126000002,Windows,1,swiss_roll,10000000,3162,100,Isomap,10
1319.6915592999976,Windows,1,swiss_roll,10000000,3162,100,Isomap,10
1312.0776946000005,Windows,1,swiss_roll,10000000,3162,100,Isomap,10
1317.6522325999977,Windows,1,swiss_roll,10000000,3162,100,Isomap,10
1325.5310764000023,Windows,1,swiss_roll,10000000,3162,100,Isomap,10
1331.5993309999976,Windows,1,swiss_roll,10000000,3162,100,Isomap,10
1312.836569500003,Windows,1,swiss_roll,10000000,3162,100,Isomap,10
1324.917682399995,Windows,1,swiss_roll,10000000,3162,100,Isomap,10
1324.279643599999,Windows,1,swiss_roll,10000000,3162,100,Isomap,10
0.25203410000540316,Windows,0,swiss_roll,1000,3162,100,Isomap,7
0.2564825999943423,Windows,0,swiss_roll,1000,3162,100,Isomap,7
0.2518902000010712,Windows,0,swiss_roll,1000,3162,100,Isomap,7
0.2581500000014785,Windows,0,swiss_roll,1000,3162,100,Isomap,7
0.2470203999982914,Windows,0,swiss_roll,1000,3162,100,Isomap,7
0.2518726999987848,Windows,0,swiss_roll,1000,3162,100,Isomap,7
0.2534330999988015,Windows,0,swiss_roll,1000,3162,100,Isomap,7
0.25012949999654666,Windows,0,swiss_roll,1000,3162,100,Isomap,7
0.24390809999749763,Windows,0,swiss_roll,1000,3162,100,Isomap,7
0.2460711999956402,Windows,0,swiss_roll,1000,3162,100,Isomap,7
0.24710729999787873,Windows,0,swiss_roll,1000,3162,100,Isomap,7
0.2493585999982315,Windows,0,swiss_roll,1000,3162,100,Isomap,7
0.24402509999345057,Windows,0,swiss_roll,1000,3162,100,Isomap,7
0.2465035999994143,Windows,0,swiss_roll,1000,3162,100,Isomap,7
0.24909140000090702,Windows,0,swiss_roll,1000,3162,100,Isomap,7
0.24452559999917867,Windows,0,swiss_roll,1000,3162,100,Isomap,7
0.24560790000396082,Windows,0,swiss_roll,1000,3162,100,Isomap,7
0.24431900000490714,Windows,0,swiss_roll,1000,3162,100,Isomap,7
0.24678120000316994,Windows,0,swiss_roll,1000,3162,100,Isomap,7
0.24674120000418043,Windows,0,swiss_roll,1000,3162,100,Isomap,7
0.8385815000001458,Windows,0,swiss_roll,1778,3162,100,Isomap,7
0.8234816000040155,Windows,0,swiss_roll,1778,3162,100,Isomap,7
0.8183186999958707,Windows,0,swiss_roll,1778,3162,100,Isomap,7
0.8269714000052772,Windows,0,swiss_roll,1778,3162,100,Isomap,7
0.8276584999985062,Windows,0,swiss_roll,1778,3162,100,Isomap,7
0.8268639000016265,Windows,0,swiss_roll,1778,3162,100,Isomap,7
0.8317513000001782,Windows,0,swiss_roll,1778,3162,100,Isomap,7
0.8310524999978952,Windows,0,swiss_roll,1778,3162,100,Isomap,7
0.8360313000011956,Windows,0,swiss_roll,1778,3162,100,Isomap,7
0.8378334000008181,Windows,0,swiss_roll,1778,3162,100,Isomap,7
0.831872700000531,Windows,0,swiss_roll,1778,3162,100,Isomap,7
0.8230239999975311,Windows,0,swiss_roll,1778,3162,100,Isomap,7
0.8320268999959808,Windows,0,swiss_roll,1778,3162,100,Isomap,7
0.8275063000037335,Windows,0,swiss_roll,1778,3162,100,Isomap,7
0.8321493999974336,Windows,0,swiss_roll,1778,3162,100,Isomap,7
0.8214799999987008,Windows,0,swiss_roll,1778,3162,100,Isomap,7
0.838010800005577,Windows,0,swiss_roll,1778,3162,100,Isomap,7
0.8255509000009624,Windows,0,swiss_roll,1778,3162,100,Isomap,7
0.8239138999997522,Windows,0,swiss_roll,1778,3162,100,Isomap,7
0.8259448000026168,Windows,0,swiss_roll,1778,3162,100,Isomap,7
2.7777399999977206,Windows,0,swiss_roll,3162,3162,100,Isomap,7
2.77760209999542,Windows,0,swiss_roll,3162,3162,100,Isomap,7
2.809804199998325,Windows,0,swiss_roll,3162,3162,100,Isomap,7
2.803255300001183,Windows,0,swiss_roll,3162,3162,100,Isomap,7
2.789719399996102,Windows,0,swiss_roll,3162,3162,100,Isomap,7
2.7958351999986917,Windows,0,swiss_roll,3162,3162,100,Isomap,7
2.8097153999988222,Windows,0,swiss_roll,3162,3162,100,Isomap,7
2.7985693000009633,Windows,0,swiss_roll,3162,3162,100,Isomap,7
2.77398930000345,Windows,0,swiss_roll,3162,3162,100,Isomap,7
2.7848604999962845,Windows,0,swiss_roll,3162,3162,100,Isomap,7
2.776905499995337,Windows,0,swiss_roll,3162,3162,100,Isomap,7
2.7869614000010188,Windows,0,swiss_roll,3162,3162,100,Isomap,7
2.8232185000015306,Windows,0,swiss_roll,3162,3162,100,Isomap,7
2.8384273999981815,Windows,0,swiss_roll,3162,3162,100,Isomap,7
2.7971386999997776,Windows,0,swiss_roll,3162,3162,100,Isomap,7
2.767628000001423,Windows,0,swiss_roll,3162,3162,100,Isomap,7
2.763529000003473,Windows,0,swiss_roll,3162,3162,100,Isomap,7
2.7879072000068845,Windows,0,swiss_roll,3162,3162,100,Isomap,7
2.776619500000379,Windows,0,swiss_roll,3162,3162,100,Isomap,7
2.7806337000001804,Windows,0,swiss_roll,3162,3162,100,Isomap,7
4.562896699993871,Windows,0,swiss_roll,5623,3162,100,Isomap,7
4.556870000000345,Windows,0,swiss_roll,5623,3162,100,Isomap,7
4.545539099999587,Windows,0,swiss_roll,5623,3162,100,Isomap,7
4.4918088000049465,Windows,0,swiss_roll,5623,3162,100,Isomap,7
4.56089670000074,Windows,0,swiss_roll,5623,3162,100,Isomap,7
4.577490700001363,Windows,0,swiss_roll,5623,3162,100,Isomap,7
4.547774999999092,Windows,0,swiss_roll,5623,3162,100,Isomap,7
4.558080199996766,Windows,0,swiss_roll,5623,3162,100,Isomap,7
4.540818800000125,Windows,0,swiss_roll,5623,3162,100,Isomap,7
4.580339300002379,Windows,0,swiss_roll,5623,3162,100,Isomap,7
4.596110400001635,Windows,0,swiss_roll,5623,3162,100,Isomap,7
4.540972000002512,Windows,0,swiss_roll,5623,3162,100,Isomap,7
4.5488800000021,Windows,0,swiss_roll,5623,3162,100,Isomap,7
4.570274899997457,Windows,0,swiss_roll,5623,3162,100,Isomap,7
4.645622600000934,Windows,0,swiss_roll,5623,3162,100,Isomap,7
4.785577300004661,Windows,0,swiss_roll,5623,3162,100,Isomap,7
4.713499600002251,Windows,0,swiss_roll,5623,3162,100,Isomap,7
4.640040999998746,Windows,0,swiss_roll,5623,3162,100,Isomap,7
4.657603100000415,Windows,0,swiss_roll,5623,3162,100,Isomap,7
4.737885800001095,Windows,0,swiss_roll,5623,3162,100,Isomap,7
7.54563120000239,Windows,0,swiss_roll,10000,3162,100,Isomap,7
7.5473921000011615,Windows,0,swiss_roll,10000,3162,100,Isomap,7
7.43308750000142,Windows,0,swiss_roll,10000,3162,100,Isomap,7
7.410988399999042,Windows,0,swiss_roll,10000,3162,100,Isomap,7
7.391880199997104,Windows,0,swiss_roll,10000,3162,100,Isomap,7
7.325873800000409,Windows,0,swiss_roll,10000,3162,100,Isomap,7
7.348656099995424,Windows,0,swiss_roll,10000,3162,100,Isomap,7
7.62670149999758,Windows,0,swiss_roll,10000,3162,100,Isomap,7
7.511880400001246,Windows,0,swiss_roll,10000,3162,100,Isomap,7
7.516674899998179,Windows,0,swiss_roll,10000,3162,100,Isomap,7
7.546849499995005,Windows,0,swiss_roll,10000,3162,100,Isomap,7
7.544578599998204,Windows,0,swiss_roll,10000,3162,100,Isomap,7
7.399945299999672,Windows,0,swiss_roll,10000,3162,100,Isomap,7
7.354487800002971,Windows,0,swiss_roll,10000,3162,100,Isomap,7
7.3626456999991206,Windows,0,swiss_roll,10000,3162,100,Isomap,7
7.41630950000399,Windows,0,swiss_roll,10000,3162,100,Isomap,7
7.395061800001713,Windows,0,swiss_roll,10000,3162,100,Isomap,7
7.344381200004136,Windows,0,swiss_roll,10000,3162,100,Isomap,7
7.3503412999998545,Windows,0,swiss_roll,10000,3162,100,Isomap,7
7.427479999998468,Windows,0,swiss_roll,10000,3162,100,Isomap,7
15.458140300004743,Windows,0,swiss_roll,17783,3162,100,Isomap,7
15.430043200001819,Windows,0,swiss_roll,17783,3162,100,Isomap,7
15.428091399997356,Windows,0,swiss_roll,17783,3162,100,Isomap,7
15.433129099998041,Windows,0,swiss_roll,17783,3162,100,Isomap,7
15.428921999999147,Windows,0,swiss_roll,17783,3162,100,Isomap,7
15.284685799997533,Windows,0,swiss_roll,17783,3162,100,Isomap,7
15.381508400001621,Windows,0,swiss_roll,17783,3162,100,Isomap,7
15.408615899999859,Windows,0,swiss_roll,17783,3162,100,Isomap,7
15.410914299995056,Windows,0,swiss_roll,17783,3162,100,Isomap,7
15.340646900003776,Windows,0,swiss_roll,17783,3162,100,Isomap,7
15.371036099997582,Windows,0,swiss_roll,17783,3162,100,Isomap,7
15.38825419999921,Windows,0,swiss_roll,17783,3162,100,Isomap,7
15.358915299999353,Windows,0,swiss_roll,17783,3162,100,Isomap,7
15.642903499996464,Windows,0,swiss_roll,17783,3162,100,Isomap,7
15.641438999999082,Windows,0,swiss_roll,17783,3162,100,Isomap,7
16.307702399994014,Windows,0,swiss_roll,17783,3162,100,Isomap,7
15.939378499999293,Windows,0,swiss_roll,17783,3162,100,Isomap,7
15.5479078999997,Windows,0,swiss_roll,17783,3162,100,Isomap,7
15.442542799995863,Windows,0,swiss_roll,17783,3162,100,Isomap,7
15.54181399999652,Windows,0,swiss_roll,17783,3162,100,Isomap,7
26.832176900003105,Windows,0,swiss_roll,31623,3162,100,Isomap,7
26.972479299998668,Windows,0,swiss_roll,31623,3162,100,Isomap,7
27.772140900000522,Windows,0,swiss_roll,31623,3162,100,Isomap,7
26.552087800002482,Windows,0,swiss_roll,31623,3162,100,Isomap,7
26.615699500005576,Windows,0,swiss_roll,31623,3162,100,Isomap,7
26.78237210000225,Windows,0,swiss_roll,31623,3162,100,Isomap,7
27.13446799999656,Windows,0,swiss_roll,31623,3162,100,Isomap,7
26.841897899998003,Windows,0,swiss_roll,31623,3162,100,Isomap,7
26.613636599999154,Windows,0,swiss_roll,31623,3162,100,Isomap,7
26.626415599996108,Windows,0,swiss_roll,31623,3162,100,Isomap,7
26.6746501000016,Windows,0,swiss_roll,31623,3162,100,Isomap,7
26.577283600003284,Windows,0,swiss_roll,31623,3162,100,Isomap,7
26.755548599998292,Windows,0,swiss_roll,31623,3162,100,Isomap,7
26.58133600000292,Windows,0,swiss_roll,31623,3162,100,Isomap,7
26.62575079999806,Windows,0,swiss_roll,31623,3162,100,Isomap,7
26.635815099994943,Windows,0,swiss_roll,31623,3162,100,Isomap,7
26.529662199995073,Windows,0,swiss_roll,31623,3162,100,Isomap,7
26.596101399998588,Windows,0,swiss_roll,31623,3162,100,Isomap,7
26.5975516000035,Windows,0,swiss_roll,31623,3162,100,Isomap,7
26.606419100004132,Windows,0,swiss_roll,31623,3162,100,Isomap,7
48.805919899998116,Windows,0,swiss_roll,56234,3162,100,Isomap,7
48.804697400002624,Windows,0,swiss_roll,56234,3162,100,Isomap,7
49.00001979999797,Windows,0,swiss_roll,56234,3162,100,Isomap,7
48.792934199998854,Windows,0,swiss_roll,56234,3162,100,Isomap,7
48.76745970000047,Windows,0,swiss_roll,56234,3162,100,Isomap,7
48.84895069999766,Windows,0,swiss_roll,56234,3162,100,Isomap,7
48.895219400001224,Windows,0,swiss_roll,56234,3162,100,Isomap,7
48.742357700000866,Windows,0,swiss_roll,56234,3162,100,Isomap,7
48.975036699994234,Windows,0,swiss_roll,56234,3162,100,Isomap,7
48.85312499999418,Windows,0,swiss_roll,56234,3162,100,Isomap,7
48.980363800001214,Windows,0,swiss_roll,56234,3162,100,Isomap,7
48.922965400000976,Windows,0,swiss_roll,56234,3162,100,Isomap,7
48.914610300002096,Windows,0,swiss_roll,56234,3162,100,Isomap,7
48.921038400003454,Windows,0,swiss_roll,56234,3162,100,Isomap,7
48.874776500000735,Windows,0,swiss_roll,56234,3162,100,Isomap,7
48.90636330000416,Windows,0,swiss_roll,56234,3162,100,Isomap,7
48.76197640000464,Windows,0,swiss_roll,56234,3162,100,Isomap,7
48.831577700002526,Windows,0,swiss_roll,56234,3162,100,Isomap,7
48.91673969999829,Windows,0,swiss_roll,56234,3162,100,Isomap,7
48.93161609999515,Windows,0,swiss_roll,56234,3162,100,Isomap,7
88.87424830000236,Windows,0,swiss_roll,100000,3162,100,Isomap,7
88.93250010000338,Windows,0,swiss_roll,100000,3162,100,Isomap,7
89.64205790000415,Windows,0,swiss_roll,100000,3162,100,Isomap,7
89.02077999999892,Windows,0,swiss_roll,100000,3162,100,Isomap,7
88.94344129999809,Windows,0,swiss_roll,100000,3162,100,Isomap,7
88.91955189999862,Windows,0,swiss_roll,100000,3162,100,Isomap,7
89.20625619999919,Windows,0,swiss_roll,100000,3162,100,Isomap,7
89.26350670000102,Windows,0,swiss_roll,100000,3162,100,Isomap,7
88.78156870000385,Windows,0,swiss_roll,100000,3162,100,Isomap,7
89.00385010000173,Windows,0,swiss_roll,100000,3162,100,Isomap,7
89.12070890000177,Windows,0,swiss_roll,100000,3162,100,Isomap,7
88.92770459999883,Windows,0,swiss_roll,100000,3162,100,Isomap,7
89.0034738999966,Windows,0,swiss_roll,100000,3162,100,Isomap,7
89.13581690000137,Windows,0,swiss_roll,100000,3162,100,Isomap,7
88.82217769999988,Windows,0,swiss_roll,100000,3162,100,Isomap,7
88.93856510000478,Windows,0,swiss_roll,100000,3162,100,Isomap,7
88.99563550000312,Windows,0,swiss_roll,100000,3162,100,Isomap,7
88.97888119999698,Windows,0,swiss_roll,100000,3162,100,Isomap,7
88.88877340000181,Windows,0,swiss_roll,100000,3162,100,Isomap,7
88.91727009999886,Windows,0,swiss_roll,100000,3162,100,Isomap,7
248.1144288,Windows,1,swiss_roll,1778279,3162,100,Isomap,10
242.55051890000004,Windows,1,swiss_roll,1778279,3162,100,Isomap,10
253.8083388,Windows,1,swiss_roll,1778279,3162,100,Isomap,10
249.34706619999986,Windows,1,swiss_roll,1778279,3162,100,Isomap,10
247.39109830000007,Windows,1,swiss_roll,1778279,3162,100,Isomap,10
253.13082780000013,Windows,1,swiss_roll,1778279,3162,100,Isomap,10
246.41453019999994,Windows,1,swiss_roll,1778279,3162,100,Isomap,10
250.156696,Windows,1,swiss_roll,1778279,3162,100,Isomap,10
246.44751579999956,Windows,1,swiss_roll,1778279,3162,100,Isomap,10
246.74413069999991,Windows,1,swiss_roll,1778279,3162,100,Isomap,10
246.0341497000004,Windows,1,swiss_roll,1778279,3162,100,Isomap,10
250.46263510000017,Windows,1,swiss_roll,1778279,3162,100,Isomap,10
246.65664300000026,Windows,1,swiss_roll,1778279,3162,100,Isomap,10
248.73511150000013,Windows,1,swiss_roll,1778279,3162,100,Isomap,10
246.63436329999968,Windows,1,swiss_roll,1778279,3162,100,Isomap,10
251.90906890000042,Windows,1,swiss_roll,1778279,3162,100,Isomap,10
244.6961936000007,Windows,1,swiss_roll,1778279,3162,100,Isomap,10
245.3882868999999,Windows,1,swiss_roll,1778279,3162,100,Isomap,10
244.5173337999995,Windows,1,swiss_roll,1778279,3162,100,Isomap,10
252.92772779999996,Windows,1,swiss_roll,1778279,3162,100,Isomap,10
751.0688025,Windows,1,swiss_roll,5623413,3162,100,Isomap,10
754.0367331999996,Windows,1,swiss_roll,5623413,3162,100,Isomap,10
750.5999746999996,Windows,1,swiss_roll,5623413,3162,100,Isomap,10
757.5534275999989,Windows,1,swiss_roll,5623413,3162,100,Isomap,10
751.7120088000011,Windows,1,swiss_roll,5623413,3162,100,Isomap,10
756.1627669999998,Windows,1,swiss_roll,5623413,3162,100,Isomap,10
743.8161930000006,Windows,1,swiss_roll,5623413,3162,100,Isomap,10
741.3669597000007,Windows,1,swiss_roll,5623413,3162,100,Isomap,10
749.1745972000008,Windows,1,swiss_roll,5623413,3162,100,Isomap,10
747.0127278,Windows,1,swiss_roll,5623413,3162,100,Isomap,10
746.6984244000014,Windows,1,swiss_roll,5623413,3162,100,Isomap,10
746.5491028000015,Windows,1,swiss_roll,5623413,3162,100,Isomap,10
752.5048084000009,Windows,1,swiss_roll,5623413,3162,100,Isomap,10
740.0940354000013,Windows,1,swiss_roll,5623413,3162,100,Isomap,10
743.7714639000005,Windows,1,swiss_roll,5623413,3162,100,Isomap,10
758.1211728000017,Windows,1,swiss_roll,5623413,3162,100,Isomap,10
753.4279196999996,Windows,1,swiss_roll,5623413,3162,100,Isomap,10
744.7349178000004,Windows,1,swiss_roll,5623413,3162,100,Isomap,10
748.7008650999996,Windows,1,swiss_roll,5623413,3162,100,Isomap,10
746.4568533999991,Windows,1,swiss_roll,5623413,3162,100,Isomap,10
3.2900445999985095,Windows,0,swiss_roll,3162,3162,100,Isomap,10
3.3234766999994463,Windows,0,swiss_roll,3162,3162,100,Isomap,10
3.2517649000001256,Windows,0,swiss_roll,3162,3162,100,Isomap,10
3.3203037999992375,Windows,0,swiss_roll,3162,3162,100,Isomap,10
3.314026100000774,Windows,0,swiss_roll,3162,3162,100,Isomap,10
3.2819963000001735,Windows,0,swiss_roll,3162,3162,100,Isomap,10
3.29842970000027,Windows,0,swiss_roll,3162,3162,100,Isomap,10
3.2946152000004076,Windows,0,swiss_roll,3162,3162,100,Isomap,10
3.3132555999982287,Windows,0,swiss_roll,3162,3162,100,Isomap,10
3.3431502999992517,Windows,0,swiss_roll,3162,3162,100,Isomap,10
3.28494000000137,Windows,0,swiss_roll,3162,3162,100,Isomap,10
3.2601001000002725,Windows,0,swiss_roll,3162,3162,100,Isomap,10
3.307648000001791,Windows,0,swiss_roll,3162,3162,100,Isomap,10
3.272042099997634,Windows,0,swiss_roll,3162,3162,100,Isomap,10
3.273185199999716,Windows,0,swiss_roll,3162,3162,100,Isomap,10
3.2841646000015317,Windows,0,swiss_roll,3162,3162,100,Isomap,10
3.2749256000024616,Windows,0,swiss_roll,3162,3162,100,Isomap,10
3.2629532999999356,Windows,0,swiss_roll,3162,3162,100,Isomap,10
3.253557899999578,Windows,0,swiss_roll,3162,3162,100,Isomap,10
3.251313699998718,Windows,0,swiss_roll,3162,3162,100,Isomap,10
5.399994100000185,Windows,0,swiss_roll,5623,3162,100,Isomap,10
5.392913600000611,Windows,0,swiss_roll,5623,3162,100,Isomap,10
5.3917822999974305,Windows,0,swiss_roll,5623,3162,100,Isomap,10
5.367894299997715,Windows,0,swiss_roll,5623,3162,100,Isomap,10
5.3645018999995955,Windows,0,swiss_roll,5623,3162,100,Isomap,10
5.4084598000008555,Windows,0,swiss_roll,5623,3162,100,Isomap,10
5.386557099998754,Windows,0,swiss_roll,5623,3162,100,Isomap,10
5.396776100002171,Windows,0,swiss_roll,5623,3162,100,Isomap,10
5.396477199999936,Windows,0,swiss_roll,5623,3162,100,Isomap,10
5.389754599997104,Windows,0,swiss_roll,5623,3162,100,Isomap,10
5.359227199998713,Windows,0,swiss_roll,5623,3162,100,Isomap,10
5.388926600000559,Windows,0,swiss_roll,5623,3162,100,Isomap,10
5.400216499998351,Windows,0,swiss_roll,5623,3162,100,Isomap,10
5.373850899999525,Windows,0,swiss_roll,5623,3162,100,Isomap,10
5.358803300001455,Windows,0,swiss_roll,5623,3162,100,Isomap,10
5.34787900000083,Windows,0,swiss_roll,5623,3162,100,Isomap,10
5.387152300001617,Windows,0,swiss_roll,5623,3162,100,Isomap,10
5.390963099998771,Windows,0,swiss_roll,5623,3162,100,Isomap,10
5.365274600000703,Windows,0,swiss_roll,5623,3162,100,Isomap,10
5.35863579999932,Windows,0,swiss_roll,5623,3162,100,Isomap,10
8.657744200001616,Windows,0,swiss_roll,10000,3162,100,Isomap,10
8.626756900001055,Windows,0,swiss_roll,10000,3162,100,Isomap,10
8.635893699996814,Windows,0,swiss_roll,10000,3162,100,Isomap,10
8.634447000000364,Windows,0,swiss_roll,10000,3162,100,Isomap,10
8.635270999999193,Windows,0,swiss_roll,10000,3162,100,Isomap,10
8.6929272999987,Windows,0,swiss_roll,10000,3162,100,Isomap,10
8.670208600000478,Windows,0,swiss_roll,10000,3162,100,Isomap,10
8.659886299999926,Windows,0,swiss_roll,10000,3162,100,Isomap,10
8.650899799999024,Windows,0,swiss_roll,10000,3162,100,Isomap,10
8.64899929999956,Windows,0,swiss_roll,10000,3162,100,Isomap,10
8.676792199999909,Windows,0,swiss_roll,10000,3162,100,Isomap,10
8.652124600001116,Windows,0,swiss_roll,10000,3162,100,Isomap,10
8.660832199999277,Windows,0,swiss_roll,10000,3162,100,Isomap,10
8.671445500000118,Windows,0,swiss_roll,10000,3162,100,Isomap,10
8.662964099999954,Windows,0,swiss_roll,10000,3162,100,Isomap,10
8.677970900000219,Windows,0,swiss_roll,10000,3162,100,Isomap,10
8.65563149999798,Windows,0,swiss_roll,10000,3162,100,Isomap,10
8.698672399998031,Windows,0,swiss_roll,10000,3162,100,Isomap,10
8.653021299996908,Windows,0,swiss_roll,10000,3162,100,Isomap,10
8.610859599997639,Windows,0,swiss_roll,10000,3162,100,Isomap,10
18.150008100001287,Windows,0,swiss_roll,17783,3162,100,Isomap,10
18.035338800000318,Windows,0,swiss_roll,17783,3162,100,Isomap,10
18.18824560000212,Windows,0,swiss_roll,17783,3162,100,Isomap,10
18.12469190000047,Windows,0,swiss_roll,17783,3162,100,Isomap,10
18.017628599998716,Windows,0,swiss_roll,17783,3162,100,Isomap,10
18.169754500002455,Windows,0,swiss_roll,17783,3162,100,Isomap,10
18.088632300001336,Windows,0,swiss_roll,17783,3162,100,Isomap,10
18.062424499999906,Windows,0,swiss_roll,17783,3162,100,Isomap,10
17.857558699997753,Windows,0,swiss_roll,17783,3162,100,Isomap,10
17.882475599999452,Windows,0,swiss_roll,17783,3162,100,Isomap,10
17.961882499999774,Windows,0,swiss_roll,17783,3162,100,Isomap,10
17.852729700000054,Windows,0,swiss_roll,17783,3162,100,Isomap,10
17.97909830000208,Windows,0,swiss_roll,17783,3162,100,Isomap,10
18.036138800001936,Windows,0,swiss_roll,17783,3162,100,Isomap,10
18.00473200000124,Windows,0,swiss_roll,17783,3162,100,Isomap,10
17.963709100000415,Windows,0,swiss_roll,17783,3162,100,Isomap,10
18.029102699998475,Windows,0,swiss_roll,17783,3162,100,Isomap,10
17.95598919999975,Windows,0,swiss_roll,17783,3162,100,Isomap,10
17.95806580000135,Windows,0,swiss_roll,17783,3162,100,Isomap,10
17.995855400000437,Windows,0,swiss_roll,17783,3162,100,Isomap,10
31.03811979999955,Windows,0,swiss_roll,31623,3162,100,Isomap,10
31.18686170000001,Windows,0,swiss_roll,31623,3162,100,Isomap,10
31.115109300000768,Windows,0,swiss_roll,31623,3162,100,Isomap,10
31.09628470000098,Windows,0,swiss_roll,31623,3162,100,Isomap,10
31.275364099998114,Windows,0,swiss_roll,31623,3162,100,Isomap,10
31.204104899999948,Windows,0,swiss_roll,31623,3162,100,Isomap,10
31.34754239999893,Windows,0,swiss_roll,31623,3162,100,Isomap,10
31.11040540000249,Windows,0,swiss_roll,31623,3162,100,Isomap,10
31.28663990000132,Windows,0,swiss_roll,31623,3162,100,Isomap,10
31.112763400000404,Windows,0,swiss_roll,31623,3162,100,Isomap,10
31.27142759999697,Windows,0,swiss_roll,31623,3162,100,Isomap,10
31.19706589999987,Windows,0,swiss_roll,31623,3162,100,Isomap,10
31.288458200000605,Windows,0,swiss_roll,31623,3162,100,Isomap,10
31.210376500002894,Windows,0,swiss_roll,31623,3162,100,Isomap,10
31.039326099999016,Windows,0,swiss_roll,31623,3162,100,Isomap,10
31.102475600000616,Windows,0,swiss_roll,31623,3162,100,Isomap,10
31.134261600000173,Windows,0,swiss_roll,31623,3162,100,Isomap,10
31.000155800000357,Windows,0,swiss_roll,31623,3162,100,Isomap,10
30.986628999999084,Windows,0,swiss_roll,31623,3162,100,Isomap,10
31.011821599997347,Windows,0,swiss_roll,31623,3162,100,Isomap,10
57.33937330000117,Windows,0,swiss_roll,56234,3162,100,Isomap,10
57.12790580000001,Windows,0,swiss_roll,56234,3162,100,Isomap,10
56.968630200000916,Windows,0,swiss_roll,56234,3162,100,Isomap,10
56.88592290000088,Windows,0,swiss_roll,56234,3162,100,Isomap,10
57.001736999998684,Windows,0,swiss_roll,56234,3162,100,Isomap,10
56.93058700000256,Windows,0,swiss_roll,56234,3162,100,Isomap,10
57.046891799996956,Windows,0,swiss_roll,56234,3162,100,Isomap,10
56.94151029999921,Windows,0,swiss_roll,56234,3162,100,Isomap,10
56.96569740000268,Windows,0,swiss_roll,56234,3162,100,Isomap,10
56.943341999998665,Windows,0,swiss_roll,56234,3162,100,Isomap,10
56.93666300000041,Windows,0,swiss_roll,56234,3162,100,Isomap,10
56.81519939999998,Windows,0,swiss_roll,56234,3162,100,Isomap,10
56.946248000000196,Windows,0,swiss_roll,56234,3162,100,Isomap,10
56.85287900000185,Windows,0,swiss_roll,56234,3162,100,Isomap,10
56.98460309999791,Windows,0,swiss_roll,56234,3162,100,Isomap,10
56.85417989999769,Windows,0,swiss_roll,56234,3162,100,Isomap,10
57.00338489999922,Windows,0,swiss_roll,56234,3162,100,Isomap,10
56.975504199999705,Windows,0,swiss_roll,56234,3162,100,Isomap,10
56.895414500002516,Windows,0,swiss_roll,56234,3162,100,Isomap,10
56.85924890000024,Windows,0,swiss_roll,56234,3162,100,Isomap,10
104.62681940000039,Windows,0,swiss_roll,100000,3162,100,Isomap,10
104.60872030000246,Windows,0,swiss_roll,100000,3162,100,Isomap,10
104.44463589999941,Windows,0,swiss_roll,100000,3162,100,Isomap,10
104.48577149999983,Windows,0,swiss_roll,100000,3162,100,Isomap,10
104.43907939999917,Windows,0,swiss_roll,100000,3162,100,Isomap,10
104.68713859999843,Windows,0,swiss_roll,100000,3162,100,Isomap,10
104.42995150000206,Windows,0,swiss_roll,100000,3162,100,Isomap,10
104.62977020000108,Windows,0,swiss_roll,100000,3162,100,Isomap,10
104.45131399999809,Windows,0,swiss_roll,100000,3162,100,Isomap,10
104.560660500003,Windows,0,swiss_roll,100000,3162,100,Isomap,10
104.71767159999945,Windows,0,swiss_roll,100000,3162,100,Isomap,10
104.64847069999814,Windows,0,swiss_roll,100000,3162,100,Isomap,10
104.70463260000179,Windows,0,swiss_roll,100000,3162,100,Isomap,10
104.60927720000109,Windows,0,swiss_roll,100000,3162,100,Isomap,10
104.5178390000001,Windows,0,swiss_roll,100000,3162,100,Isomap,10
104.53280119999908,Windows,0,swiss_roll,100000,3162,100,Isomap,10
103.7694055000029,Windows,0,swiss_roll,100000,3162,100,Isomap,10
104.53466549999939,Windows,0,swiss_roll,100000,3162,100,Isomap,10
104.22175959999731,Windows,0,swiss_roll,100000,3162,100,Isomap,10
104.13123439999981,Windows,0,swiss_roll,100000,3162,100,Isomap,10
13092.5874246,Windows,1,swiss_roll,100000000,3162,100,Isomap,10
